Filename,2Theta,Intensity,hkl
Li3Sn_split_06_gen_52.cif,17.083375384413934,86.40498505385735,"(0, 1, -1, -1)"
Li3Sn_split_06_gen_52.cif,17.0852559610523,85.51007619069001,"(0, 0, 0, 1)"
Li3Sn_split_06_gen_52.cif,17.09130242875983,85.37179042896244,"(0, 1, -1, 0)"
Li3Sn_split_06_gen_52.cif,25.1110384866773,100.00000000000001,"(1, 0, -1, -1)"
Li3Sn_split_06_gen_52.cif,25.111226535069612,99.65370168072707,"(1, -1, 0, 1)"
Li3Sn_split_06_gen_52.cif,25.113801868393043,99.97884720661075,"(1, -1, 0, 0)"
Li3Sn_split_06_gen_52.cif,25.114072702099694,99.62279033769217,"(1, 1, -2, -1)"
Li3Sn_split_06_gen_52.cif,25.116864000921602,99.94780202627356,"(1, 0, -1, 1)"
Li3Sn_split_06_gen_52.cif,25.122472060450082,99.95105976992308,"(1, 1, -2, 0)"
Li3Sn_split_06_gen_52.cif,29.812588481268005,88.35777434085782,"(0, 1, -1, -2)"
Li3Sn_split_06_gen_52.cif,29.823307867033215,88.26946991231416,"(0, 2, -2, -1)"
Li3Sn_split_06_gen_52.cif,29.82664035469902,88.25598856805671,"(0, 1, -1, 1)"
Li3Sn_split_06_gen_52.cif,34.561962551817096,20.47669650915749,"(0, 2, -2, -2)"
Li3Sn_split_06_gen_52.cif,34.56585783696628,20.874292969543813,"(0, 0, 0, 2)"
Li3Sn_split_06_gen_52.cif,34.57838224999825,20.889835438519615,"(0, 2, -2, 0)"
Li3Sn_split_06_gen_52.cif,37.02362194776116,69.24195512168343,"(2, 0, -2, 0)"
Li3Sn_split_06_gen_52.cif,39.364104249604665,44.040414964780254,"(1, -2, 1, 2)"
Li3Sn_split_06_gen_52.cif,39.36559472019911,43.74314855058442,"(1, 0, -1, -2)"
Li3Sn_split_06_gen_52.cif,39.36791306182704,44.03739003580077,"(1, 2, -3, -2)"
Li3Sn_split_06_gen_52.cif,39.37339036980807,43.72897194338624,"(1, 0, -1, 2)"
Li3Sn_split_06_gen_52.cif,39.37489427882111,43.70243582608701,"(1, -2, 1, 0)"
Li3Sn_split_06_gen_52.cif,39.386495694147506,43.6636074660921,"(1, 2, -3, 0)"
Li3Sn_split_06_gen_52.cif,41.03583331566706,9.767479774743187,"(2, 0, -2, -1)"
Li3Sn_split_06_gen_52.cif,41.03669969790488,9.773869806941354,"(2, -1, -1, 0)"
Li3Sn_split_06_gen_52.cif,41.036917913166,9.865490233900275,"(2, -1, -1, 1)"
Li3Sn_split_06_gen_52.cif,41.04059737618057,9.865959731821093,"(2, 1, -3, -1)"
Li3Sn_split_06_gen_52.cif,41.0433646521294,9.761595680186998,"(2, 0, -2, 1)"
Li3Sn_split_06_gen_52.cif,41.0479098271878,9.736862033544266,"(2, 1, -3, 0)"
Li3Sn_split_06_gen_52.cif,46.27479235639329,6.465464438744362,"(0, 2, -2, -3)"
Li3Sn_split_06_gen_52.cif,46.277085801509266,6.252106019512156,"(0, 1, -1, -3)"
Li3Sn_split_06_gen_52.cif,46.28708398145128,6.477229710167161,"(0, 3, -3, -2)"
Li3Sn_split_06_gen_52.cif,46.293198385728466,6.314928638017834,"(0, 1, -1, 2)"
Li3Sn_split_06_gen_52.cif,46.29675043914982,6.246742557636487,"(0, 3, -3, -1)"
Li3Sn_split_06_gen_52.cif,46.300571398725076,6.304533786291287,"(0, 2, -2, 1)"
Li3Sn_split_06_gen_52.cif,48.2358697403184,24.12530159101082,"(2, 1, -3, -2)"
Li3Sn_split_06_gen_52.cif,48.238157473595145,24.121299459476486,"(2, -2, 0, 1)"
Li3Sn_split_06_gen_52.cif,48.23868415960563,24.123861993044944,"(2, -1, -1, -1)"
Li3Sn_split_06_gen_52.cif,48.23926035851993,24.120059269566294,"(2, -1, -1, 2)"
Li3Sn_split_06_gen_52.cif,48.25126287300768,24.09932158628281,"(2, 2, -4, -1)"
Li3Sn_split_06_gen_52.cif,48.255179228837065,24.09650650835047,"(2, 1, -3, 1)"
Li3Sn_split_06_gen_52.cif,50.14843092975637,16.597915175726268,"(1, 1, -2, -3)"
Li3Sn_split_06_gen_52.cif,50.148668999184004,16.415169923115126,"(1, 2, -3, -3)"
Li3Sn_split_06_gen_52.cif,50.14874277886877,16.416138076697678,"(1, -2, 1, 3)"
Li3Sn_split_06_gen_52.cif,50.15329852140196,16.59108590450044,"(1, -1, 0, 3)"
Li3Sn_split_06_gen_52.cif,50.1563066651903,16.402420025004748,"(1, -3, 2, 2)"
Li3Sn_split_06_gen_52.cif,50.16041601544489,16.53206939825482,"(1, -1, 0, -2)"
Li3Sn_split_06_gen_52.cif,50.16379700070165,16.575693063033327,"(1, -3, 2, 1)"
Li3Sn_split_06_gen_52.cif,50.164246082376785,16.387215132779243,"(1, 3, -4, -2)"
Li3Sn_split_06_gen_52.cif,50.16657093691271,16.52292959181014,"(1, -2, 1, -1)"
Li3Sn_split_06_gen_52.cif,50.17164828573238,16.513419523818346,"(1, 1, -2, 2)"
Li3Sn_split_06_gen_52.cif,50.17495496673312,16.564880533033833,"(1, 3, -4, -1)"
Li3Sn_split_06_gen_52.cif,50.17937491159665,16.509791010145864,"(1, 2, -3, 1)"
Li3Sn_split_06_gen_52.cif,51.5414556533117,6.877840611662805,"(2, 0, -2, -2)"
Li3Sn_split_06_gen_52.cif,51.54186330047259,6.744713935671949,"(2, -2, 0, 2)"
Li3Sn_split_06_gen_52.cif,51.54744610676079,6.8802181774915905,"(2, -2, 0, 0)"
Li3Sn_split_06_gen_52.cif,51.548033225942085,6.736005223969274,"(2, 2, -4, -2)"
Li3Sn_split_06_gen_52.cif,51.5540843306712,6.866793630684377,"(2, 0, -2, 2)"
Li3Sn_split_06_gen_52.cif,51.566242104797006,6.88076419463082,"(2, 2, -4, 0)"
Li3Sn_split_06_gen_52.cif,52.921789467744354,18.371104610499543,"(0, 3, -3, -3)"
Li3Sn_split_06_gen_52.cif,52.928021571953934,18.36462342270913,"(0, 0, 0, 3)"
Li3Sn_split_06_gen_52.cif,52.94806019773712,18.350075209195456,"(0, 3, -3, 0)"
Li3Sn_split_06_gen_52.cif,56.45903307381627,0.018106033757761906,"(1, -3, 2, 3)"
Li3Sn_split_06_gen_52.cif,56.46272281372086,0.00986018345135853,"(1, 0, -1, -3)"
Li3Sn_split_06_gen_52.cif,56.46338062314652,0.018149414699013516,"(1, 3, -4, -3)"
Li3Sn_split_06_gen_52.cif,56.47162116374657,0.009846846959202418,"(1, 0, -1, 3)"
Li3Sn_split_06_gen_52.cif,56.479731565158396,0.009497348865597381,"(1, -3, 2, 0)"
Li3Sn_split_06_gen_52.cif,56.49297422733492,0.009158348698314153,"(1, 3, -4, 0)"
Li3Sn_split_06_gen_52.cif,59.847353510288364,9.56559349430281,"(3, -1, -2, 0)"
Li3Sn_split_06_gen_52.cif,59.847394153797445,9.569995240033325,"(3, 0, -3, -1)"
Li3Sn_split_06_gen_52.cif,59.848948866364935,9.536900403684278,"(3, -1, -2, 1)"
Li3Sn_split_06_gen_52.cif,59.85313949844415,9.53371183088439,"(3, 1, -4, -1)"
Li3Sn_split_06_gen_52.cif,59.85597186964169,9.566815546872235,"(3, 0, -3, 1)"
Li3Sn_split_06_gen_52.cif,59.86012156518286,9.575087935226797,"(3, 1, -4, 0)"
Li3Sn_split_06_gen_52.cif,60.68412622447007,2.8594122222768426,"(2, 1, -3, -3)"
Li3Sn_split_06_gen_52.cif,60.68644627797175,2.9559788874565363,"(2, 2, -4, -3)"
Li3Sn_split_06_gen_52.cif,60.68657619631839,2.956793633224751,"(2, -2, 0, 3)"
Li3Sn_split_06_gen_52.cif,60.689707934562854,2.9587361247650517,"(2, -3, 1, 2)"
Li3Sn_split_06_gen_52.cif,60.69187616984379,2.8854718605321734,"(2, -1, -1, -2)"
Li3Sn_split_06_gen_52.cif,60.69269765670595,2.8585789329891806,"(2, -1, -1, 3)"
Li3Sn_split_06_gen_52.cif,60.69488580947476,2.859796346079708,"(2, -3, 1, 1)"
Li3Sn_split_06_gen_52.cif,60.696603420901965,2.8860819736864523,"(2, -2, 0, -1)"
Li3Sn_split_06_gen_52.cif,60.70368938264882,2.966310559811689,"(2, 3, -5, -2)"
Li3Sn_split_06_gen_52.cif,60.7116570638968,2.892061445048248,"(2, 1, -3, 2)"
Li3Sn_split_06_gen_52.cif,60.71453623797238,2.85574971613511,"(2, 3, -5, -1)"
Li3Sn_split_06_gen_52.cif,60.719153136433135,2.8829014235476107,"(2, 2, -4, 1)"
Li3Sn_split_06_gen_52.cif,61.92512777728503,15.921855280655771,"(0, 2, -2, -4)"
Li3Sn_split_06_gen_52.cif,61.94928903101532,15.908510028506472,"(0, 4, -4, -2)"
Li3Sn_split_06_gen_52.cif,61.9568008834787,15.897351341655776,"(0, 2, -2, 2)"
Li3Sn_split_06_gen_52.cif,64.7542798873448,2.604554427887718,"(0, 3, -3, -4)"
Li3Sn_split_06_gen_52.cif,64.75916630093508,2.73160798791509,"(0, 1, -1, -4)"
Li3Sn_split_06_gen_52.cif,64.76802951322114,2.607881140027419,"(0, 4, -4, -3)"
Li3Sn_split_06_gen_52.cif,64.77719034144121,2.6967752555692455,"(0, 1, -1, 3)"
Li3Sn_split_06_gen_52.cif,64.7886266975668,2.7255139071154093,"(0, 4, -4, -1)"
Li3Sn_split_06_gen_52.cif,64.79290111285485,2.6917335888962004,"(0, 3, -3, 1)"
Li3Sn_split_06_gen_52.cif,66.3370742951676,9.599943127747592,"(2, -3, 1, 3)"
Li3Sn_split_06_gen_52.cif,66.33836108035652,9.599231631830826,"(2, 0, -2, -3)"
Li3Sn_split_06_gen_52.cif,66.34498680884136,9.597050502385606,"(2, 3, -5, -3)"
Li3Sn_split_06_gen_52.cif,66.3518622374142,9.596460487525462,"(2, -3, 1, 0)"
Li3Sn_split_06_gen_52.cif,66.35455646938885,9.593205471419157,"(2, 0, -2, 3)"
Li3Sn_split_06_gen_52.cif,66.37596659646545,9.587654767505443,"(2, 3, -5, 0)"
Li3Sn_split_06_gen_52.cif,67.90718599158006,6.817371888862438,"(1, -3, 2, 4)"
Li3Sn_split_06_gen_52.cif,67.90842848563366,6.820640354667544,"(1, 3, -4, -4)"
Li3Sn_split_06_gen_52.cif,67.90922647993234,6.70778437142709,"(1, 1, -2, -4)"
Li3Sn_split_06_gen_52.cif,67.91592776019893,6.709340469568179,"(1, -1, 0, 4)"
Li3Sn_split_06_gen_52.cif,67.91728803237446,6.809762448428664,"(1, -4, 3, 3)"
Li3Sn_split_06_gen_52.cif,67.92418402202178,6.73521904002378,"(1, -1, 0, -3)"
Li3Sn_split_06_gen_52.cif,67.92517015431743,6.8065992122926025,"(1, 4, -5, -3)"
Li3Sn_split_06_gen_52.cif,67.93472746135419,6.701311092804576,"(1, -4, 3, 1)"
Li3Sn_split_06_gen_52.cif,67.93615925631009,6.731288470845133,"(1, 1, -2, 3)"
Li3Sn_split_06_gen_52.cif,67.93821812672736,6.732568492094659,"(1, -3, 2, -1)"
Li3Sn_split_06_gen_52.cif,67.94794394911237,6.696976381854568,"(1, 4, -5, -1)"
Li3Sn_split_06_gen_52.cif,67.95279861355922,6.727250505260727,"(1, 3, -4, 1)"
Li3Sn_split_06_gen_52.cif,68.28589142352651,9.042503232281847,"(3, 0, -3, -2)"
Li3Sn_split_06_gen_52.cif,68.28759614379095,9.102712513445912,"(3, -2, -1, 2)"
Li3Sn_split_06_gen_52.cif,68.28964056999915,9.041323318987198,"(3, -2, -1, 0)"
Li3Sn_split_06_gen_52.cif,68.29539685690536,9.105120606595488,"(3, 2, -5, -2)"
Li3Sn_split_06_gen_52.cif,68.30185837717511,9.042419620639,"(3, 0, -3, 2)"
Li3Sn_split_06_gen_52.cif,68.31340684520545,9.030143835227028,"(3, 2, -5, 0)"
Li3Sn_split_06_gen_52.cif,72.89926022438878,2.570083914042039,"(0, 4, -4, -4)"
Li3Sn_split_06_gen_52.cif,72.90850844912694,2.46851082322591,"(0, 0, 0, 4)"
Li3Sn_split_06_gen_52.cif,72.9382471095439,2.45927282105965,"(0, 4, -4, 0)"
Li3Sn_split_06_gen_52.cif,74.39187304924803,9.511700685942117,"(2, 2, -4, -4)"
Li3Sn_split_06_gen_52.cif,74.3971248593843,9.510300925169828,"(2, -2, 0, 4)"
Li3Sn_split_06_gen_52.cif,74.40648456465614,9.508666466900175,"(2, -4, 2, 2)"
Li3Sn_split_06_gen_52.cif,74.41074179197085,9.503910686056841,"(2, -2, 0, -2)"
Li3Sn_split_06_gen_52.cif,74.4267839045938,9.503804243450231,"(2, 4, -6, -2)"
Li3Sn_split_06_gen_52.cif,74.4362915201471,9.497654484983762,"(2, 2, -4, 2)"
Li3Sn_split_06_gen_52.cif,75.89547183442971,6.698400035433283,"(1, -4, 3, 4)"
Li3Sn_split_06_gen_52.cif,75.90045361422764,6.696493659853553,"(1, 4, -5, -4)"
Li3Sn_split_06_gen_52.cif,75.90197836565527,6.783198106305744,"(1, 0, -1, -4)"
Li3Sn_split_06_gen_52.cif,75.91217512365975,6.780322572742637,"(1, 0, -1, 4)"
Li3Sn_split_06_gen_52.cif,75.9287963297239,6.784951644200302,"(1, -4, 3, 0)"
Li3Sn_split_06_gen_52.cif,75.94397272162435,6.7835411401566255,"(1, 4, -5, 0)"
Li3Sn_split_06_gen_52.cif,76.25265934674265,5.138378732528447,"(3, 1, -4, -3)"
Li3Sn_split_06_gen_52.cif,76.25645548782349,5.081292524349865,"(3, -3, 0, 2)"
Li3Sn_split_06_gen_52.cif,76.25663638738352,5.080185891583403,"(3, 2, -5, -3)"
Li3Sn_split_06_gen_52.cif,76.25681131995066,5.081257243106381,"(3, -2, -1, 3)"
Li3Sn_split_06_gen_52.cif,76.25710007008226,5.1222850618452815,"(3, -1, -2, -2)"
Li3Sn_split_06_gen_52.cif,76.2598310018386,5.134351348508392,"(3, -3, 0, 1)"
Li3Sn_split_06_gen_52.cif,76.26072203637275,5.118685294242547,"(3, -2, -1, -1)"
Li3Sn_split_06_gen_52.cif,76.26420074711456,5.134406997915273,"(3, -1, -2, 3)"
Li3Sn_split_06_gen_52.cif,76.27528238455487,5.071411894177022,"(3, 3, -6, -2)"
Li3Sn_split_06_gen_52.cif,76.28373708994462,5.110883934052445,"(3, 1, -4, 2)"
Li3Sn_split_06_gen_52.cif,76.28629280110955,5.130071758464942,"(3, 3, -6, -1)"
Li3Sn_split_06_gen_52.cif,76.29108866780838,5.113098181583042,"(3, 2, -5, 1)"
Li3Sn_split_06_gen_52.cif,77.00184142028878,1.7278408743399223,"(2, 1, -3, -4)"
Li3Sn_split_06_gen_52.cif,77.00249663260087,1.6475443500724403,"(2, -3, 1, 4)"
Li3Sn_split_06_gen_52.cif,77.00485970384395,1.642760985859357,"(2, 3, -5, -4)"
Li3Sn_split_06_gen_52.cif,77.00894600637517,1.6479472695664448,"(2, -4, 2, 3)"
Li3Sn_split_06_gen_52.cif,77.01355743449555,1.7047557218965528,"(2, -1, -1, -3)"
Li3Sn_split_06_gen_52.cif,77.01458663095637,1.7223012409398657,"(2, -1, -1, 4)"
Li3Sn_split_06_gen_52.cif,77.0229938130423,1.7230054058974844,"(2, -4, 2, 1)"
Li3Sn_split_06_gen_52.cif,77.02393748981883,1.6467756557388147,"(2, 4, -6, -3)"
Li3Sn_split_06_gen_52.cif,77.02566477506039,1.7017191245174497,"(2, -3, 1, -1)"
Li3Sn_split_06_gen_52.cif,77.03633451784988,1.7024827936126659,"(2, 1, -3, 3)"
Li3Sn_split_06_gen_52.cif,77.04813269251542,1.7213343591210317,"(2, 4, -6, -1)"
Li3Sn_split_06_gen_52.cif,77.05339847258116,1.700462386930473,"(2, 3, -5, 1)"
Li3Sn_split_06_gen_52.cif,78.84000971549354,8.270217914773376,"(4, 0, -4, 0)"
Li3Sn_split_06_gen_52.cif,80.68657606650979,1.6808162714157269,"(0, 3, -3, -5)"
Li3Sn_split_06_gen_52.cif,80.68937532225941,1.597258823513043,"(0, 2, -2, -5)"
Li3Sn_split_06_gen_52.cif,80.71538219222641,1.6783644281410468,"(0, 5, -5, -3)"
Li3Sn_split_06_gen_52.cif,80.72713794858565,1.6304875356603585,"(0, 2, -2, 3)"
Li3Sn_split_06_gen_52.cif,80.72718257414951,1.5909693179773896,"(0, 5, -5, -2)"
Li3Sn_split_06_gen_52.cif,80.73613907541659,1.6274891482824934,"(0, 3, -3, 2)"
Li3Sn_split_06_gen_52.cif,81.40115505816534,1.4771789225092755,"(4, -1, -3, 0)"
Li3Sn_split_06_gen_52.cif,81.40180142291038,1.4739978258000126,"(4, 0, -4, -1)"
Li3Sn_split_06_gen_52.cif,81.40380051770487,1.488679578870139,"(4, -1, -3, 1)"
Li3Sn_split_06_gen_52.cif,81.40868702579608,1.4896059129516304,"(4, 1, -5, -1)"
Li3Sn_split_06_gen_52.cif,81.40879815862779,0.0028816692273575407,"(3, 0, -3, -3)"
Li3Sn_split_06_gen_52.cif,81.40952453633085,0.005667063355514348,"(3, -3, 0, 3)"
Li3Sn_split_06_gen_52.cif,81.41180356262721,1.4736854683801908,"(4, 0, -4, 1)"
Li3Sn_split_06_gen_52.cif,81.41604362824917,1.468255222728173,"(4, 1, -5, 0)"
Li3Sn_split_06_gen_52.cif,81.41947269179107,0.0028774818549040316,"(3, -3, 0, 0)"
Li3Sn_split_06_gen_52.cif,81.42051892512677,0.005726341512514429,"(3, 3, -6, -3)"
Li3Sn_split_06_gen_52.cif,81.43130218741746,0.002883903679868647,"(3, 0, -3, 3)"
Li3Sn_split_06_gen_52.cif,81.45296953899951,0.0025660172187052838,"(3, 3, -6, 0)"
Li3Sn_split_06_gen_52.cif,83.60147264441233,3.8815495064037875,"(1, 3, -4, -5)"
Li3Sn_split_06_gen_52.cif,83.60240060274182,3.9515627797543864,"(1, 2, -3, -5)"
Li3Sn_split_06_gen_52.cif,83.60280211851534,3.8813426838774574,"(1, -3, 2, 5)"
Li3Sn_split_06_gen_52.cif,83.6074334898705,3.951410463705019,"(1, -2, 1, 5)"
Li3Sn_split_06_gen_52.cif,83.62521592226734,3.8785006663449892,"(1, -5, 4, 3)"
Li3Sn_split_06_gen_52.cif,83.63498132077152,3.918111352968537,"(1, -2, 1, -3)"
Li3Sn_split_06_gen_52.cif,83.63569033029533,3.953996160513825,"(1, -5, 4, 2)"
Li3Sn_split_06_gen_52.cif,83.6362686297283,3.8769833320582268,"(1, 5, -6, -3)"
Li3Sn_split_06_gen_52.cif,83.6433122669867,3.921882199471058,"(1, -3, 2, -2)"
Li3Sn_split_06_gen_52.cif,83.64923054903493,3.9548320456986628,"(1, 5, -6, -2)"
Li3Sn_split_06_gen_52.cif,83.64985091032948,3.9165400834307125,"(1, 2, -3, 3)"
Li3Sn_split_06_gen_52.cif,83.6593969630008,3.9224207602386842,"(1, 3, -4, 2)"
Li3Sn_split_06_gen_52.cif,84.6911539196142,1.7877719972102046,"(2, -4, 2, 4)"
Li3Sn_split_06_gen_52.cif,84.69495155985844,1.7171078234590318,"(2, 0, -2, -4)"
Li3Sn_split_06_gen_52.cif,84.70085876458334,1.7893461129331534,"(2, 4, -6, -4)"
Li3Sn_split_06_gen_52.cif,84.71481604421595,1.718377571136931,"(2, 0, -2, 4)"
Li3Sn_split_06_gen_52.cif,84.71864853555553,1.7133269560626332,"(2, -4, 2, 0)"
Li3Sn_split_06_gen_52.cif,84.74821636384588,1.7109425828565916,"(2, 4, -6, 0)"
Li3Sn_split_06_gen_52.cif,85.78159719916584,5.2053437518505214,"(0, 4, -4, -5)"
Li3Sn_split_06_gen_52.cif,85.78990676592092,5.207901576837741,"(0, 1, -1, -5)"
Li3Sn_split_06_gen_52.cif,85.79763097902993,5.205802007868582,"(0, 5, -5, -4)"
Li3Sn_split_06_gen_52.cif,85.81092596978401,5.205185023427759,"(0, 1, -1, 4)"
Li3Sn_split_06_gen_52.cif,85.83266232566147,5.200300577794562,"(0, 5, -5, -1)"
Li3Sn_split_06_gen_52.cif,85.83764775081619,5.198598837134495,"(0, 4, -4, 1)"
Li3Sn_split_06_gen_52.cif,86.48565937289042,5.11137352109383,"(4, -1, -3, -1)"
Li3Sn_split_06_gen_52.cif,86.48653270051553,5.110618585542164,"(4, -2, -2, 1)"
Li3Sn_split_06_gen_52.cif,86.48845360831852,5.110278828360646,"(4, 1, -5, -2)"
Li3Sn_split_06_gen_52.cif,86.49352132065998,5.109607916061485,"(4, -1, -3, 2)"
Li3Sn_split_06_gen_52.cif,86.5061224644339,5.107381164875569,"(4, 2, -6, -1)"
Li3Sn_split_06_gen_52.cif,86.51031677656022,5.107413782216438,"(4, 1, -5, 1)"
Li3Sn_split_06_gen_52.cif,88.67712467678905,0.0043300419561774625,"(1, 1, -2, -5)"
Li3Sn_split_06_gen_52.cif,88.68580892177361,0.004313348517161438,"(1, -1, 0, 5)"
Li3Sn_split_06_gen_52.cif,88.69564816886576,0.003562889536147143,"(1, -1, 0, -4)"
Li3Sn_split_06_gen_52.cif,88.70922188218542,0.0034593106596068437,"(1, 1, -2, 4)"
Li3Sn_split_06_gen_52.cif,88.71615239430758,0.004259376450977337,"(1, -5, 4, 1)"
Li3Sn_split_06_gen_52.cif,88.72049346374581,0.0035965434743083463,"(1, -4, 3, -1)"
Li3Sn_split_06_gen_52.cif,88.73208575872962,0.004278893718230035,"(1, 5, -6, -1)"
Li3Sn_split_06_gen_52.cif,88.73769166142057,0.0036017427364844093,"(1, 4, -5, 1)"
Li3Sn_split_06_gen_52.cif,89.01466405366777,1.6071950030790874,"(4, 0, -4, -2)"
Li3Sn_split_06_gen_52.cif,89.01693963599938,1.6063556915462367,"(4, -2, -2, 0)"
Li3Sn_split_06_gen_52.cif,89.01751279177154,1.5756087097283533,"(4, -2, -2, 2)"
Li3Sn_split_06_gen_52.cif,89.02717749002524,1.5722808635872976,"(4, 2, -6, -2)"
Li3Sn_split_06_gen_52.cif,89.03444663452355,1.603622867274649,"(4, 0, -4, 2)"
Li3Sn_split_06_gen_52.cif,89.0463868469957,1.6090520670385542,"(4, 2, -6, 0)"
Li3Sn_split_06_gen_132.cif,12.528423495329772,100.0,"(0, 1, 0)"
Li3Sn_split_06_gen_132.cif,13.03298603152568,43.53508577651871,"(0, 0, 1)"
Li3Sn_split_06_gen_132.cif,18.115781447993925,17.320310413954203,"(0, 1, -1)"
Li3Sn_split_06_gen_132.cif,18.116228439317872,17.116729248292938,"(0, 1, 1)"
Li3Sn_split_06_gen_132.cif,19.985722636872673,58.55229313849688,"(1, 0, 0)"
Li3Sn_split_06_gen_132.cif,19.989000666137617,57.43171896821356,"(1, -1, 0)"
Li3Sn_split_06_gen_132.cif,23.933081197632543,12.460599027476729,"(1, 0, 1)"
Li3Sn_split_06_gen_132.cif,23.93355283328678,12.21489404828608,"(1, 0, -1)"
Li3Sn_split_06_gen_132.cif,23.935671792035436,11.988286498215832,"(1, -1, 1)"
Li3Sn_split_06_gen_132.cif,23.936485950916293,12.230363712509389,"(1, -1, -1)"
Li3Sn_split_06_gen_132.cif,25.20982065682225,46.91672960261956,"(0, 2, 0)"
Li3Sn_split_06_gen_132.cif,26.238488840241853,77.81037320483063,"(0, 0, 2)"
Li3Sn_split_06_gen_132.cif,26.852233806279784,69.3135165888048,"(1, 1, 0)"
Li3Sn_split_06_gen_132.cif,26.859674702781867,69.58786462544255,"(1, -2, 0)"
Li3Sn_split_06_gen_132.cif,28.47840648297173,12.301869116536244,"(0, 2, -1)"
Li3Sn_split_06_gen_132.cif,28.47898944866655,12.531084159646447,"(0, 2, 1)"
Li3Sn_split_06_gen_132.cif,29.172924246355464,14.012020265974819,"(0, 1, -2)"
Li3Sn_split_06_gen_132.cif,29.173494511759923,13.726510916231174,"(0, 1, 2)"
Li3Sn_split_06_gen_132.cif,29.95529594207063,5.217885987311484,"(1, 1, 1)"
Li3Sn_split_06_gen_132.cif,29.95540076674596,5.252370441989781,"(1, 1, -1)"
Li3Sn_split_06_gen_132.cif,29.96160974392652,5.321515721220572,"(1, -2, 1)"
Li3Sn_split_06_gen_132.cif,29.962549434559794,5.28723112737003,"(1, -2, -1)"
Li3Sn_split_06_gen_132.cif,33.20225727495701,16.83213103688007,"(1, 0, 2)"
Li3Sn_split_06_gen_132.cif,33.202956067761654,16.570711437758217,"(1, 0, -2)"
Li3Sn_split_06_gen_132.cif,33.20404958243573,16.217865758095808,"(1, -1, 2)"
Li3Sn_split_06_gen_132.cif,33.205255935487415,16.475978656770106,"(1, -1, -2)"
Li3Sn_split_06_gen_132.cif,36.705287096496676,18.922993661568732,"(0, 2, -2)"
Li3Sn_split_06_gen_132.cif,36.706217242292915,19.068091966063733,"(0, 2, 2)"
Li3Sn_split_06_gen_132.cif,37.16035988490584,4.159553961108477,"(1, 2, 0)"
Li3Sn_split_06_gen_132.cif,37.16963359438536,4.25032118216408,"(1, -3, 0)"
Li3Sn_split_06_gen_132.cif,37.89507350316835,39.44529749186028,"(1, 1, 2)"
Li3Sn_split_06_gen_132.cif,37.89524393623938,39.611621668216074,"(1, 1, -2)"
Li3Sn_split_06_gen_132.cif,37.89986707399247,39.738897271783074,"(1, -2, 2)"
Li3Sn_split_06_gen_132.cif,37.90139502867734,39.57533131465821,"(1, -2, -2)"
Li3Sn_split_06_gen_132.cif,38.21484566087578,33.506709199492505,"(0, 3, 0)"
Li3Sn_split_06_gen_132.cif,38.47463697990202,39.96245246823318,"(2, -1, 0)"
Li3Sn_split_06_gen_132.cif,39.539204178318215,3.089874010691362,"(1, 2, -1)"
Li3Sn_split_06_gen_132.cif,39.53934028548748,3.126339332404827,"(1, 2, 1)"
Li3Sn_split_06_gen_132.cif,39.54759408436572,3.0347542679213437,"(1, -3, 1)"
Li3Sn_split_06_gen_132.cif,39.54854943334868,3.067637894777637,"(1, -3, -1)"
Li3Sn_split_06_gen_132.cif,39.81073657388818,2.7846900999755784,"(0, 0, 3)"
Li3Sn_split_06_gen_132.cif,40.54103240648734,1.53324190962218,"(0, 3, -1)"
Li3Sn_split_06_gen_132.cif,40.5416738944195,1.4982996413582383,"(0, 3, 1)"
Li3Sn_split_06_gen_132.cif,40.61408768312171,5.805201618215119,"(2, 0, 0)"
Li3Sn_split_06_gen_132.cif,40.62097223844064,6.123348639206972,"(2, -2, 0)"
Li3Sn_split_06_gen_132.cif,40.788289050791995,2.792686144200093,"(2, -1, 1)"
Li3Sn_split_06_gen_132.cif,40.78908756791069,2.7939806882175215,"(2, -1, -1)"
Li3Sn_split_06_gen_132.cif,41.89621051043001,2.140983598479054,"(0, 1, -3)"
Li3Sn_split_06_gen_132.cif,41.89683490833124,2.081869521722048,"(0, 1, 3)"
Li3Sn_split_06_gen_132.cif,42.83160129757634,1.9685489803590235,"(2, 0, 1)"
Li3Sn_split_06_gen_132.cif,42.83216415722151,1.9904340508497291,"(2, 0, -1)"
Li3Sn_split_06_gen_132.cif,42.83798898162423,2.021336214737046,"(2, -2, 1)"
Li3Sn_split_06_gen_132.cif,42.83896060044633,1.9959934474607148,"(2, -2, -1)"
Li3Sn_split_06_gen_132.cif,44.931927454756355,2.613174571684638,"(1, 0, 3)"
Li3Sn_split_06_gen_132.cif,44.93274015923333,2.4550198357815924,"(1, 0, -3)"
Li3Sn_split_06_gen_132.cif,44.93321872390985,2.407608461211269,"(1, -1, 3)"
Li3Sn_split_06_gen_132.cif,44.93462176470499,2.562224181030904,"(1, -1, -3)"
Li3Sn_split_06_gen_132.cif,46.05948950622845,2.4085163481350915,"(1, 2, -2)"
Li3Sn_split_06_gen_132.cif,46.05973017094041,2.3504611858757576,"(1, 2, 2)"
Li3Sn_split_06_gen_132.cif,46.06654504105114,2.4697585758610576,"(1, -3, 2)"
Li3Sn_split_06_gen_132.cif,46.068234382452765,2.4095479092118985,"(1, -3, -2)"
Li3Sn_split_06_gen_132.cif,46.550424156291456,9.514196867341814,"(2, 1, 0)"
Li3Sn_split_06_gen_132.cif,46.562770043341246,9.222241063751197,"(2, -3, 0)"
Li3Sn_split_06_gen_132.cif,46.94771309942406,13.510685310054653,"(0, 3, -2)"
Li3Sn_split_06_gen_132.cif,46.94885431595623,13.374351878190833,"(0, 3, 2)"
Li3Sn_split_06_gen_132.cif,47.16773870887994,16.48209396996308,"(2, -1, 2)"
Li3Sn_split_06_gen_132.cif,47.16916134252693,16.483236778486,"(2, -1, -2)"
Li3Sn_split_06_gen_132.cif,47.70678682384177,2.894001922085195,"(0, 2, -3)"
Li3Sn_split_06_gen_132.cif,47.707914186866546,3.043942328619121,"(0, 2, 3)"
Li3Sn_split_06_gen_132.cif,48.550592879291074,3.036680546724945,"(2, 1, 1)"
Li3Sn_split_06_gen_132.cif,48.55091797296562,2.981171822826283,"(2, 1, -1)"
Li3Sn_split_06_gen_132.cif,48.56218001542244,2.891367289955339,"(2, -3, 1)"
Li3Sn_split_06_gen_132.cif,48.56324663624765,2.944980837078077,"(2, -3, -1)"
Li3Sn_split_06_gen_132.cif,48.674242427371084,1.4973235222667418,"(1, 1, 3)"
Li3Sn_split_06_gen_132.cif,48.67445152364092,1.535292065625759,"(1, 1, -3)"
Li3Sn_split_06_gen_132.cif,48.6778855865554,1.5540320185093963,"(1, -2, 3)"
Li3Sn_split_06_gen_132.cif,48.67976026310463,1.517535395094078,"(1, -2, -3)"
Li3Sn_split_06_gen_132.cif,48.998443167185386,3.309443326277424,"(2, 0, 2)"
Li3Sn_split_06_gen_132.cif,48.999457241863354,3.3788605871479533,"(2, 0, -2)"
Li3Sn_split_06_gen_132.cif,49.00401330339889,3.548665662690176,"(2, -2, 2)"
Li3Sn_split_06_gen_132.cif,49.0057638775532,3.476995304599096,"(2, -2, -2)"
Li3Sn_split_06_gen_132.cif,49.14865878154042,11.00604034424225,"(1, 3, 0)"
Li3Sn_split_06_gen_132.cif,49.159027103132665,10.917782768204006,"(1, -4, 0)"
Li3Sn_split_06_gen_132.cif,51.0721675322269,3.3278414266115113,"(1, 3, -1)"
Li3Sn_split_06_gen_132.cif,51.07245757417589,3.3619561189389726,"(1, 3, 1)"
Li3Sn_split_06_gen_132.cif,51.08191376239336,3.29954256304714,"(1, -4, 1)"
Li3Sn_split_06_gen_132.cif,51.08287421887278,3.334530018785316,"(1, -4, -1)"
Li3Sn_split_06_gen_132.cif,51.7556695278095,1.2432375158425495,"(0, 4, 0)"
Li3Sn_split_06_gen_132.cif,53.61120371715012,2.198811031062358,"(0, 4, -1)"
Li3Sn_split_06_gen_132.cif,53.611894330982544,2.227491056774757,"(0, 4, 1)"
Li3Sn_split_06_gen_132.cif,53.99567423729348,15.185007681299888,"(0, 0, 4)"
Li3Sn_split_06_gen_132.cif,54.219488563146875,6.453132088303832,"(2, 1, 2)"
Li3Sn_split_06_gen_132.cif,54.22008928240423,6.4049692315705995,"(2, 1, -2)"
Li3Sn_split_06_gen_132.cif,54.22985176444619,6.237910886813244,"(2, -3, 2)"
Li3Sn_split_06_gen_132.cif,54.231822792393714,6.287126158417939,"(2, -3, -2)"
Li3Sn_split_06_gen_132.cif,55.34054353432183,11.660210368511335,"(2, 2, 0)"
Li3Sn_split_06_gen_132.cif,55.35688831505751,11.826903785454535,"(2, -4, 0)"
Li3Sn_split_06_gen_132.cif,55.58980245054312,1.0908630726434054,"(1, 2, -3)"
Li3Sn_split_06_gen_132.cif,55.5901175241817,1.116413925450357,"(1, 2, 3)"
Li3Sn_split_06_gen_132.cif,55.5956444464307,1.0740594592920338,"(1, -3, 3)"
Li3Sn_split_06_gen_132.cif,55.59785620973606,1.0970219734513653,"(1, -3, -3)"
Li3Sn_split_06_gen_132.cif,55.66436730830657,2.4705748958836313,"(0, 1, -4)"
Li3Sn_split_06_gen_132.cif,55.66504057832948,2.363598555934035,"(0, 1, 4)"
Li3Sn_split_06_gen_132.cif,56.367005158208,0.5579644164195489,"(0, 3, -3)"
Li3Sn_split_06_gen_132.cif,56.368507536986556,0.5268560535306549,"(0, 3, 3)"
Li3Sn_split_06_gen_132.cif,56.55994880127442,6.73875766426803,"(1, 3, -2)"
Li3Sn_split_06_gen_132.cif,56.560176766801455,1.024597703739495,"(2, -1, 3)"
Li3Sn_split_06_gen_132.cif,56.560489590868116,6.766952222705117,"(1, 3, 2)"
Li3Sn_split_06_gen_132.cif,56.562052133121966,1.0254064002181122,"(2, -1, -3)"
Li3Sn_split_06_gen_132.cif,56.56872245658324,6.669765744265998,"(1, -4, 2)"
Li3Sn_split_06_gen_132.cif,56.57051330931809,6.69866149307382,"(1, -4, -2)"
Li3Sn_split_06_gen_132.cif,57.116070724652594,0.5448151257469955,"(2, 2, 1)"
Li3Sn_split_06_gen_132.cif,57.1161953811695,0.5580844549341467,"(2, 2, -1)"
Li3Sn_split_06_gen_132.cif,57.131583938441004,0.5947120953021697,"(2, -4, 1)"
Li3Sn_split_06_gen_132.cif,57.1327014356487,0.5817529319242654,"(2, -4, -1)"
Li3Sn_split_06_gen_132.cif,58.154481279883335,3.5995386791644033,"(1, 0, 4)"
Li3Sn_split_06_gen_132.cif,58.155382209331414,3.501321808525272,"(1, 0, -4)"
Li3Sn_split_06_gen_132.cif,58.155473060137794,3.434442451619029,"(1, -1, 4)"
Li3Sn_split_06_gen_132.cif,58.1570284321245,3.5323827732374915,"(1, -1, -4)"
Li3Sn_split_06_gen_132.cif,58.177813808519744,0.8106932860277127,"(2, 0, 3)"
Li3Sn_split_06_gen_132.cif,58.17916485778001,0.8316144970895388,"(2, 0, -3)"
Li3Sn_split_06_gen_132.cif,58.18259770222329,0.8407361163046104,"(2, -2, 3)"
Li3Sn_split_06_gen_132.cif,58.18493006486559,0.8155275359749727,"(2, -2, -3)"
Li3Sn_split_06_gen_132.cif,58.93651470163384,0.9142151883778914,"(0, 4, -2)"
Li3Sn_split_06_gen_132.cif,58.93781274535352,0.9084991310715634,"(0, 4, 2)"
Li3Sn_split_06_gen_132.cif,59.63115642638819,3.3565242270153792,"(3, -1, 0)"
Li3Sn_split_06_gen_132.cif,59.63505234044897,3.1702777400000746,"(3, -2, 0)"
Li3Sn_split_06_gen_132.cif,60.48771973409528,4.353412221352016,"(0, 2, -4)"
Li3Sn_split_06_gen_132.cif,60.48899741244444,4.437808814312855,"(0, 2, 4)"
Li3Sn_split_06_gen_132.cif,61.31312443418073,7.333687119886604,"(1, 1, 4)"
Li3Sn_split_06_gen_132.cif,61.31336309430468,7.405351405465388,"(1, 1, -4)"
Li3Sn_split_06_gen_132.cif,61.31600552291871,7.437166088490107,"(1, -2, 4)"
Li3Sn_split_06_gen_132.cif,61.31814532626655,7.366790515375333,"(1, -2, -4)"
Li3Sn_split_06_gen_132.cif,61.32692238375538,1.0087235199306017,"(3, -1, 1)"
Li3Sn_split_06_gen_132.cif,61.32773501007076,0.989099103085754,"(3, -1, -1)"
Li3Sn_split_06_gen_132.cif,61.33067434483173,0.9357244510820605,"(3, -2, 1)"
Li3Sn_split_06_gen_132.cif,61.33164534946556,0.9547540226010802,"(3, -2, -1)"
Li3Sn_split_06_gen_132.cif,62.24698905581322,5.865564876200016,"(2, 2, 2)"
Li3Sn_split_06_gen_132.cif,62.24722563749093,5.92597274596594,"(2, 2, -2)"
Li3Sn_split_06_gen_132.cif,62.26123927082939,6.03611967315159,"(2, -4, 2)"
Li3Sn_split_06_gen_132.cif,62.26336022079942,5.976238861129926,"(2, -4, -2)"
Li3Sn_split_06_gen_132.cif,62.37864273428568,4.381341645170915,"(1, 4, 0)"
Li3Sn_split_06_gen_132.cif,62.39002352230326,4.448331002742634,"(1, -5, 0)"
Li3Sn_split_06_gen_132.cif,62.7418500578025,6.789012277117308,"(3, 0, 0)"
Li3Sn_split_06_gen_132.cif,62.75319345843821,6.8800343444736916,"(3, -3, 0)"
Li3Sn_split_06_gen_132.cif,62.87805278009304,1.390986033015139,"(2, 1, 3)"
Li3Sn_split_06_gen_132.cif,62.87887410637868,1.3234443377062317,"(2, 1, -3)"
Li3Sn_split_06_gen_132.cif,62.88718667799174,1.2842233236991567,"(2, -3, 3)"
Li3Sn_split_06_gen_132.cif,62.88988167447252,1.3517302855357738,"(2, -3, -3)"
Li3Sn_split_06_gen_132.cif,64.0319477520897,0.11971456042219679,"(1, 4, -1)"
Li3Sn_split_06_gen_132.cif,64.03235332193094,0.11463452071714147,"(1, 4, 1)"
Li3Sn_split_06_gen_132.cif,64.04287384088828,0.12989401206383214,"(1, -5, 1)"
Li3Sn_split_06_gen_132.cif,64.04385954484954,0.12463944508268347,"(1, -5, -1)"
Li3Sn_split_06_gen_132.cif,64.38983288195473,0.6181133417269751,"(3, 0, 1)"
Li3Sn_split_06_gen_132.cif,64.39046940484768,0.6223674609693346,"(3, 0, -1)"
Li3Sn_split_06_gen_132.cif,64.4007840925455,0.6479365370236747,"(3, -3, 1)"
Li3Sn_split_06_gen_132.cif,64.40188290382635,0.6438841977931328,"(3, -3, -1)"
Li3Sn_split_06_gen_132.cif,65.02213278495584,1.6967379978174553,"(1, 3, -3)"
Li3Sn_split_06_gen_132.cif,65.02287953065562,1.7638515544026085,"(1, 3, 3)"
Li3Sn_split_06_gen_132.cif,65.02992190586177,1.68186765406798,"(1, -4, 3)"
Li3Sn_split_06_gen_132.cif,65.03239488681655,1.7489983722997906,"(1, -4, -3)"
Li3Sn_split_06_gen_132.cif,66.12686456502074,4.834438597993452,"(0, 5, 0)"
Li3Sn_split_06_gen_132.cif,66.26301913757652,2.480426262526303,"(3, -1, 2)"
Li3Sn_split_06_gen_132.cif,66.26457686432923,2.4426659388158005,"(3, -1, -2)"
Li3Sn_split_06_gen_132.cif,66.26653932035236,2.290912292136559,"(3, -2, 2)"
Li3Sn_split_06_gen_132.cif,66.26840065876787,2.327987716691523,"(3, -2, -2)"
Li3Sn_split_06_gen_132.cif,66.29320714046801,0.6079000184650283,"(2, 3, 0)"
Li3Sn_split_06_gen_132.cif,66.31278547583881,0.6099285295269479,"(2, -5, 0)"
Li3Sn_split_06_gen_132.cif,67.21996386733906,1.2254429376131317,"(0, 4, -3)"
Li3Sn_split_06_gen_132.cif,67.22177281799372,1.2886670983153692,"(0, 4, 3)"
Li3Sn_split_06_gen_132.cif,67.36883839495819,0.7937814226049213,"(1, 2, -4)"
Li3Sn_split_06_gen_132.cif,67.36921389464565,0.7595259348637872,"(1, 2, 4)"
Li3Sn_split_06_gen_132.cif,67.37377770063908,0.8117186972164762,"(1, -3, 4)"
Li3Sn_split_06_gen_132.cif,67.37641374208299,0.776254723132813,"(1, -3, -4)"
Li3Sn_split_06_gen_132.cif,67.73076385400708,1.697645160465794,"(0, 5, -1)"
Li3Sn_split_06_gen_132.cif,67.73151480479625,1.7158808626599047,"(0, 5, 1)"
Li3Sn_split_06_gen_132.cif,67.89550022295413,1.139150911063249,"(2, 3, -1)"
Li3Sn_split_06_gen_132.cif,67.89553724964264,1.1538792223514323,"(2, 3, 1)"
Li3Sn_split_06_gen_132.cif,67.91428572895741,1.0861167982756694,"(2, -5, 1)"
Li3Sn_split_06_gen_132.cif,67.91544865911037,1.1006250273394524,"(2, -5, -1)"
Li3Sn_split_06_gen_132.cif,68.06481327299542,6.4365213056812385,"(0, 3, -4)"
Li3Sn_split_06_gen_132.cif,68.06661128614937,6.326165520949605,"(0, 3, 4)"
Li3Sn_split_06_gen_132.cif,68.23823269192826,7.700730671004125,"(2, -1, 4)"
Li3Sn_split_06_gen_132.cif,68.2404793822705,7.703075757027646,"(2, -1, -4)"
Li3Sn_split_06_gen_132.cif,68.72694137694312,0.7141925297055328,"(3, 1, 0)"
Li3Sn_split_06_gen_132.cif,68.74497630048745,0.763150466354431,"(3, -4, 0)"
Li3Sn_split_06_gen_132.cif,68.86330236628088,4.816008621949274,"(1, 4, -2)"
Li3Sn_split_06_gen_132.cif,68.8640842116824,4.749500658048411,"(1, 4, 2)"
Li3Sn_split_06_gen_132.cif,68.87355436654072,4.8720048730459595,"(1, -5, 2)"
Li3Sn_split_06_gen_132.cif,68.87545461968509,4.805772404217727,"(1, -5, -2)"
Li3Sn_split_06_gen_132.cif,69.14464902051606,0.6612046893037244,"(0, 0, 5)"
Li3Sn_split_06_gen_132.cif,69.20827363441896,7.051952173329815,"(3, 0, 2)"
Li3Sn_split_06_gen_132.cif,69.20950157662301,7.082973419228891,"(3, 0, -2)"
Li3Sn_split_06_gen_132.cif,69.21861398646138,7.156401298208493,"(3, -3, 2)"
Li3Sn_split_06_gen_132.cif,69.22073379478013,7.1284650006929855,"(3, -3, -2)"
Li3Sn_split_06_gen_132.cif,69.69784285899148,1.215295199539391,"(2, 0, 4)"
Li3Sn_split_06_gen_132.cif,69.69947487805742,1.2707588409031882,"(2, 0, -4)"
Li3Sn_split_06_gen_132.cif,69.70202879006229,1.3400747841561758,"(2, -2, 4)"
Li3Sn_split_06_gen_132.cif,69.70484627452535,1.282712450731308,"(2, -2, -4)"
Li3Sn_split_06_gen_132.cif,70.30231088657717,0.6186243778662935,"(3, 1, 1)"
Li3Sn_split_06_gen_132.cif,70.30277292387608,0.6109655274005543,"(3, 1, -1)"
Li3Sn_split_06_gen_132.cif,70.31407821655482,0.2726078199850235,"(2, 2, 3)"
Li3Sn_split_06_gen_132.cif,70.314411760185,0.2893194243893,"(2, 2, -3)"
Li3Sn_split_06_gen_132.cif,70.3197925604526,0.5795679276335935,"(3, -4, 1)"
Li3Sn_split_06_gen_132.cif,70.3209925971923,0.5852325629315325,"(3, -4, -1)"
Li3Sn_split_06_gen_132.cif,70.32702945563383,0.3092350801548645,"(2, -4, 3)"
Li3Sn_split_06_gen_132.cif,70.33001981810501,0.2925535977061508,"(2, -4, -3)"
Li3Sn_split_06_gen_132.cif,70.59736737748352,0.5053641817547465,"(0, 1, -5)"
Li3Sn_split_06_gen_132.cif,70.59810416152793,0.47099977394512516,"(0, 1, 5)"
Li3Sn_split_06_gen_132.cif,72.44106859876372,4.220801791498645,"(0, 5, -2)"
Li3Sn_split_06_gen_132.cif,72.44252639972696,4.2102608343705805,"(0, 5, 2)"
Li3Sn_split_06_gen_132.cif,72.60133765084136,0.5093171288704116,"(2, 3, -2)"
Li3Sn_split_06_gen_132.cif,72.60140955084103,0.506536839033464,"(2, 3, 2)"
Li3Sn_split_06_gen_132.cif,72.61903059859743,0.5072936893744258,"(2, -5, 2)"
Li3Sn_split_06_gen_132.cif,72.62128890355845,0.5035414967832189,"(2, -5, -2)"
Li3Sn_split_06_gen_132.cif,72.7947213615004,0.6139557596276959,"(1, 0, 5)"
Li3Sn_split_06_gen_132.cif,72.79553057279497,0.5474337161421624,"(1, -1, 5)"
Li3Sn_split_06_gen_132.cif,72.79572282279406,0.5568907538064187,"(1, 0, -5)"
Li3Sn_split_06_gen_132.cif,72.7972595175458,0.603440203410223,"(1, -1, -5)"
Li3Sn_split_06_gen_132.cif,74.00396897570145,2.591738413506781,"(2, 1, 4)"
Li3Sn_split_06_gen_132.cif,74.00498291826999,2.543700397555629,"(2, 1, -4)"
Li3Sn_split_06_gen_132.cif,74.01213694628802,2.466567182765837,"(2, -3, 4)"
Li3Sn_split_06_gen_132.cif,74.0154641138427,2.5152341301485674,"(2, -3, -4)"
Li3Sn_split_06_gen_132.cif,74.11264871694866,0.6460172641367771,"(3, -1, 3)"
Li3Sn_split_06_gen_132.cif,74.11487258738866,0.6070834021869617,"(3, -1, -3)"
Li3Sn_split_06_gen_132.cif,74.11592684510967,0.5728235166944791,"(3, -2, 3)"
Li3Sn_split_06_gen_132.cif,74.11858419195609,0.6093736068152813,"(3, -2, -3)"
Li3Sn_split_06_gen_132.cif,74.8838830562714,0.8756143855459879,"(0, 2, -5)"
Li3Sn_split_06_gen_132.cif,74.88532274938923,0.9548087980026553,"(0, 2, 5)"
Li3Sn_split_06_gen_132.cif,74.94285682968851,0.5791472287505164,"(3, 1, 2)"
Li3Sn_split_06_gen_132.cif,74.94375776220348,0.593292447818861,"(3, 1, -2)"
Li3Sn_split_06_gen_132.cif,74.95954116501056,0.6400682267771096,"(3, -4, 2)"
Li3Sn_split_06_gen_132.cif,74.9618812019706,0.624383519521752,"(3, -4, -2)"
Li3Sn_split_06_gen_132.cif,75.62977079543163,0.3756431315000442,"(1, 1, 5)"
Li3Sn_split_06_gen_132.cif,75.63004095585865,0.39132322688479493,"(1, 1, -5)"
Li3Sn_split_06_gen_132.cif,75.63216468756504,0.39653008871181855,"(1, -2, 5)"
Li3Sn_split_06_gen_132.cif,75.63458697060331,0.38136540719480927,"(1, -2, -5)"
Li3Sn_split_06_gen_132.cif,75.99817088869806,3.220844599287695,"(1, 3, -4)"
Li3Sn_split_06_gen_132.cif,75.99910106473322,3.235914667793872,"(1, 3, 4)"
Li3Sn_split_06_gen_132.cif,76.00517902211205,3.195172044245041,"(1, -4, 4)"
Li3Sn_split_06_gen_132.cif,76.00825957350575,3.2113574402273524,"(1, -4, -4)"
Li3Sn_split_06_gen_132.cif,76.59696416072306,0.08965372423867074,"(1, 4, -3)"
Li3Sn_split_06_gen_132.cif,76.59808865575987,0.07659350497735957,"(1, 4, 3)"
Li3Sn_split_06_gen_132.cif,76.60652619178637,0.0963654707444538,"(1, -5, 3)"
Li3Sn_split_06_gen_132.cif,76.60925932671849,0.08300515720177759,"(1, -5, -3)"
Li3Sn_split_06_gen_132.cif,76.92778535507898,0.40928455611401393,"(3, 0, 3)"
Li3Sn_split_06_gen_132.cif,76.92955312870018,0.4202068287789089,"(3, 0, -3)"
Li3Sn_split_06_gen_132.cif,76.93749560815537,0.4359520767969727,"(3, -3, 3)"
Li3Sn_split_06_gen_132.cif,76.94054742269253,0.42632220836406926,"(3, -3, -3)"
Li3Sn_split_06_gen_132.cif,76.96589259221129,0.6177759325235205,"(1, 5, 0)"
Li3Sn_split_06_gen_132.cif,76.97854341128388,0.6052426730701982,"(1, -6, 0)"
Li3Sn_split_06_gen_132.cif,77.29079953010611,3.1252731808077505,"(3, 2, 0)"
Li3Sn_split_06_gen_132.cif,77.31491929010677,3.0535230360314545,"(3, -5, 0)"
Li3Sn_split_06_gen_132.cif,78.06030972160276,0.3993842539936075,"(0, 4, -4)"
Li3Sn_split_06_gen_132.cif,78.06258269963843,0.3908579954381776,"(0, 4, 4)"
Li3Sn_split_06_gen_132.cif,78.4761492539289,1.373831543593697,"(1, 5, -1)"
Li3Sn_split_06_gen_132.cif,78.47666322612268,1.3978237338790127,"(1, 5, 1)"
Li3Sn_split_06_gen_132.cif,78.48846155970975,1.3477461003001436,"(1, -6, 1)"
Li3Sn_split_06_gen_132.cif,78.48950786471521,1.3711108563263361,"(1, -6, -1)"
Li3Sn_split_06_gen_132.cif,78.79932953101053,1.0247366618986682,"(3, 2, 1)"
Li3Sn_split_06_gen_132.cif,78.79963129159587,1.0145586014265167,"(3, 2, -1)"
Li3Sn_split_06_gen_132.cif,78.82281947637264,0.9898932357755903,"(3, -5, 1)"
Li3Sn_split_06_gen_132.cif,78.82411293887134,1.000879945538078,"(3, -5, -1)"
Li3Sn_split_06_gen_132.cif,79.17603962975171,3.0621687228056302,"(2, 4, 0)"
Li3Sn_split_06_gen_132.cif,79.19885412546161,3.0318349615737774,"(2, -6, 0)"
Li3Sn_split_06_gen_132.cif,80.04383844170736,1.0804118864261565,"(0, 5, -3)"
Li3Sn_split_06_gen_132.cif,80.0459551368828,1.1038832435030599,"(0, 5, 3)"
Li3Sn_split_06_gen_132.cif,80.1993434027562,0.7884362362517883,"(2, 3, -3)"
Li3Sn_split_06_gen_132.cif,80.19944784253163,0.8292815386786101,"(2, 3, 3)"
Li3Sn_split_06_gen_132.cif,80.21594793706655,0.7530834207005427,"(2, -5, 3)"
Li3Sn_split_06_gen_132.cif,80.21922843997143,0.7915409542355656,"(2, -5, -3)"
Li3Sn_split_06_gen_132.cif,80.67502418489013,1.0948910570765975,"(2, 4, -1)"
Li3Sn_split_06_gen_132.cif,80.675199799101,1.106404627753684,"(2, 4, 1)"
Li3Sn_split_06_gen_132.cif,80.69720440016187,1.0918767061095083,"(2, -6, 1)"
Li3Sn_split_06_gen_132.cif,80.69843720195828,1.103359897024688,"(2, -6, -1)"
Li3Sn_split_06_gen_132.cif,80.99343689923319,3.9829651163654773,"(2, 2, 4)"
Li3Sn_split_06_gen_132.cif,80.99386085883037,4.054311218259528,"(2, 2, -4)"
Li3Sn_split_06_gen_132.cif,81.00536154136216,4.114042671723546,"(2, -4, 4)"
Li3Sn_split_06_gen_132.cif,81.00916271772724,4.044780156668485,"(2, -4, -4)"
Li3Sn_split_06_gen_132.cif,81.2013998674407,0.4356977659603065,"(1, 2, -5)"
Li3Sn_split_06_gen_132.cif,81.20183825999547,0.4611801865096706,"(1, 2, 5)"
Li3Sn_split_06_gen_132.cif,81.20574926768465,0.42814775426035345,"(1, -3, 5)"
Li3Sn_split_06_gen_132.cif,81.20882691147173,0.4518698763223118,"(1, -3, -5)"
Li3Sn_split_06_gen_132.cif,81.79087674913808,2.0927776818564388,"(0, 6, 0)"
Li3Sn_split_06_gen_132.cif,81.85233941804584,0.2462070793154293,"(0, 3, -5)"
Li3Sn_split_06_gen_132.cif,81.8544454962836,0.22353918565712144,"(0, 3, 5)"
Li3Sn_split_06_gen_132.cif,82.01485793394998,0.4323894933751042,"(2, -1, 5)"
Li3Sn_split_06_gen_132.cif,82.01749170318126,0.43314117666525076,"(2, -1, -5)"
Li3Sn_split_06_gen_132.cif,82.44172057181703,4.772553831279302,"(4, -2, 0)"
Li3Sn_split_06_gen_132.cif,82.47330870291528,0.3943347715105522,"(3, 1, 3)"
Li3Sn_split_06_gen_132.cif,82.4746250468734,0.384575148346203,"(3, 1, -3)"
Li3Sn_split_06_gen_132.cif,82.489210096938,0.3672418091948735,"(3, -4, 3)"
Li3Sn_split_06_gen_132.cif,82.49262924847422,0.3743530048772413,"(3, -4, -3)"
Li3Sn_split_06_gen_132.cif,82.96351150103357,0.43571536488812274,"(1, 5, -2)"
Li3Sn_split_06_gen_132.cif,82.96452636718413,0.4385708244526459,"(1, 5, 2)"
Li3Sn_split_06_gen_132.cif,82.97540447359175,0.4264768739668175,"(1, -6, 2)"
Li3Sn_split_06_gen_132.cif,82.97747049713747,0.4290796785649631,"(1, -6, -2)"
Li3Sn_split_06_gen_132.cif,83.27903101079391,0.0046440090573324965,"(0, 6, -1)"
Li3Sn_split_06_gen_132.cif,83.27987071066805,0.004528388299210474,"(0, 6, 1)"
Li3Sn_split_06_gen_132.cif,83.28275834228361,2.47182544060881,"(3, 2, 2)"
Li3Sn_split_06_gen_132.cif,83.28335446011509,2.462168798776173,"(3, 2, -2)"
Li3Sn_split_06_gen_132.cif,83.3054707306846,2.3907332486531403,"(3, -5, 2)"
Li3Sn_split_06_gen_132.cif,83.30802600947573,2.4014524012882204,"(3, -5, -2)"
Li3Sn_split_06_gen_132.cif,83.38842320320472,0.3133487373414224,"(2, 0, 5)"
Li3Sn_split_06_gen_132.cif,83.39034930820826,0.33477020931345375,"(2, 0, -5)"
Li3Sn_split_06_gen_132.cif,83.39223549059679,0.34276665814717194,"(2, -2, 5)"
Li3Sn_split_06_gen_132.cif,83.39556075127828,0.31859420332797345,"(2, -2, -5)"
Li3Sn_split_06_gen_132.cif,83.81141272452585,0.7816947542000642,"(4, -1, 0)"
Li3Sn_split_06_gen_132.cif,83.82042897103732,0.869573547573886,"(4, -3, 0)"
Li3Sn_split_06_gen_132.cif,83.92765675923778,0.38938140855721926,"(4, -2, 1)"
Li3Sn_split_06_gen_132.cif,83.9287059414326,0.3897574634758619,"(4, -2, -1)"
Li3Sn_split_06_gen_132.cif,84.63869765959075,1.388252957450109,"(3, -1, 4)"
Li3Sn_split_06_gen_132.cif,84.64156209639812,1.3508483528166837,"(3, -1, -4)"
Li3Sn_split_06_gen_132.cif,84.64179464109174,1.2748537977577008,"(3, -2, 4)"
Li3Sn_split_06_gen_132.cif,84.64521745387567,1.3122165777964172,"(3, -2, -4)"
Li3Sn_split_06_gen_132.cif,85.13796651805049,2.9088116021259367,"(2, 4, -2)"
Li3Sn_split_06_gen_132.cif,85.13831435668425,2.901306082119213,"(2, 4, 2)"
Li3Sn_split_06_gen_132.cif,85.1594094917593,2.890613290479866,"(2, -6, 2)"
Li3Sn_split_06_gen_132.cif,85.16185137661333,2.88427666173932,"(2, -6, -2)"
Li3Sn_split_06_gen_132.cif,85.29361249494079,0.3025668634021789,"(4, -1, 1)"
Li3Sn_split_06_gen_132.cif,85.29451986180048,0.30572589854805415,"(4, -1, -1)"
Li3Sn_split_06_gen_132.cif,85.30246708637826,0.31544157873555273,"(4, -3, 1)"
Li3Sn_split_06_gen_132.cif,85.30365335487483,0.3112641030170379,"(4, -3, -1)"
Li3Sn_split_06_gen_132.cif,85.83354745510535,3.384587806523577,"(0, 0, 6)"
Li3Sn_split_06_gen_132.cif,87.0487992173799,1.9959627003969738,"(1, 4, -4)"
Li3Sn_split_06_gen_132.cif,87.05025964718088,1.9320131699064564,"(1, 4, 4)"
Li3Sn_split_06_gen_132.cif,87.05785214361414,2.0259949864622966,"(1, -5, 4)"
Li3Sn_split_06_gen_132.cif,87.06140190363391,1.9620020254683999,"(1, -5, -4)"
Li3Sn_split_06_gen_132.cif,87.19998474452615,0.7796882278313119,"(0, 1, -6)"
Li3Sn_split_06_gen_132.cif,87.20081967110688,0.7328305810563341,"(0, 1, 6)"
Li3Sn_split_06_gen_132.cif,87.37110743072306,3.0381561005601347,"(3, 0, 4)"
Li3Sn_split_06_gen_132.cif,87.37340580654848,3.068567942919353,"(3, 0, -4)"
Li3Sn_split_06_gen_132.cif,87.38036746485243,3.1085592228367784,"(3, -3, 4)"
Li3Sn_split_06_gen_132.cif,87.38433542443553,3.0804812237381944,"(3, -3, -4)"
Li3Sn_split_06_gen_132.cif,87.49328615534661,0.6906109967156073,"(2, 1, 5)"
Li3Sn_split_06_gen_132.cif,87.49450567921602,0.6341564177333041,"(2, 1, -5)"
Li3Sn_split_06_gen_132.cif,87.50086728470565,0.6144883448617134,"(2, -3, 5)"
Li3Sn_split_06_gen_132.cif,87.50486920932845,0.6703405642082163,"(2, -3, -5)"
Li3Sn_split_06_gen_132.cif,87.72116593458816,1.2620654393394648,"(0, 6, -2)"
Li3Sn_split_06_gen_132.cif,87.7228351138471,1.231281478575424,"(0, 6, 2)"
Li3Sn_split_06_gen_132.cif,87.9113872009178,1.8005097693654846,"(4, 0, 0)"
Li3Sn_split_06_gen_132.cif,87.92932657752552,1.6956640245768755,"(4, -4, 0)"
Li3Sn_split_06_gen_132.cif,88.30553754933996,1.86601788563758,"(3, 3, 0)"
Li3Sn_split_06_gen_132.cif,88.33580330769534,1.9536354972957062,"(3, -6, 0)"
Li3Sn_split_06_gen_132.cif,88.366024783215,3.1549401356118514,"(4, -2, 2)"
Li3Sn_split_06_gen_132.cif,88.36811222367689,3.1558303849692986,"(4, -2, -2)"
Li3Sn_split_06_gen_132.cif,89.28710292983527,1.2311351108023032,"(1, 0, 6)"
Li3Sn_split_06_gen_132.cif,89.28780649174931,1.1507360417855692,"(1, -1, 6)"
Li3Sn_split_06_gen_132.cif,89.2882509980862,1.1755390066817217,"(1, 0, -6)"
Li3Sn_split_06_gen_132.cif,89.28978855405012,1.2061236247413314,"(1, -1, -6)"
Li3Sn_split_06_gen_132.cif,89.38737201798685,0.6277747423921828,"(4, 0, 1)"
Li3Sn_split_06_gen_132.cif,89.38813738136726,0.6165639015094538,"(4, 0, -1)"
Li3Sn_split_06_gen_132.cif,89.40502258222578,0.5808354610572465,"(4, -4, 1)"
Li3Sn_split_06_gen_132.cif,89.40634392638087,0.5914500865704502,"(4, -4, -1)"
Li3Sn_split_06_gen_132.cif,89.42024842761883,0.743424552763775,"(1, 3, -5)"
Li3Sn_split_06_gen_132.cif,89.42137666085604,0.7888718727703417,"(1, 3, 5)"
Li3Sn_split_06_gen_132.cif,89.42678794599229,0.737433362928702,"(1, -4, 5)"
Li3Sn_split_06_gen_132.cif,89.43052454830749,0.7833525917174143,"(1, -4, -5)"
Li3Sn_split_06_gen_132.cif,89.7261999158498,0.6735733754415235,"(4, -1, 2)"
Li3Sn_split_06_gen_132.cif,89.72800855242714,0.6879838375627627,"(4, -1, -2)"
Li3Sn_split_06_gen_132.cif,89.73488581560181,0.7593322336782121,"(4, -3, 2)"
Li3Sn_split_06_gen_132.cif,89.73725041013856,0.7441467259494028,"(4, -3, -2)"
Li3Sn_split_06_gen_132.cif,89.78162210987665,0.04712629838632672,"(3, 3, 1)"
Li3Sn_split_06_gen_132.cif,89.78177913574015,0.04940472418946798,"(3, 3, -1)"
Li3Sn_split_06_gen_132.cif,89.81124960842874,0.06308883307138081,"(3, -6, 1)"
Li3Sn_split_06_gen_132.cif,89.81265753585453,0.06057719068517975,"(3, -6, -1)"
gen_85.cif,14.726338973911407,99.99999999999999,"(0, 0, 1)"
gen_85.cif,24.750677850319104,60.08384028356708,"(1, 0, 0)"
gen_85.cif,28.92077695437179,81.08174356148483,"(1, 0, 1)"
gen_85.cif,29.70318278267432,19.168417510942653,"(0, 0, 2)"
gen_85.cif,35.28623228659094,33.90436869085891,"(1, 1, 0)"
gen_85.cif,38.424533241825735,39.474701332279956,"(1, 1, 1)"
gen_85.cif,39.03674441418048,51.57757911233097,"(1, 0, 2)"
gen_85.cif,45.222219881660834,6.0441310546670115,"(0, 0, 3)"
gen_85.cif,46.77379706349892,22.64999388304073,"(1, 1, 2)"
gen_85.cif,50.76127824891758,12.327625332637675,"(2, 0, 0)"
gen_85.cif,52.22971338041961,16.9560777171957,"(1, 0, 3)"
gen_85.cif,53.15130737565004,15.809067358635751,"(2, 0, 1)"
gen_85.cif,57.269303303566346,12.604574462453284,"(2, 1, 0)"
gen_85.cif,58.625117480492996,11.437637272913262,"(1, 1, 3)"
gen_85.cif,59.479801150815355,22.37204072189643,"(2, 1, 1)"
gen_85.cif,59.92343225610185,11.068300045985241,"(2, 0, 2)"
gen_85.cif,61.67866985520229,3.4813367849877954,"(0, 0, 4)"
gen_85.cif,65.83943948529084,23.123461090310386,"(2, 1, 2)"
gen_85.cif,67.50801535296301,7.926201932248834,"(1, 0, 4)"
gen_85.cif,70.31116066296909,6.872116528962764,"(2, 0, 3)"
gen_85.cif,73.10058746725447,8.613385308231035,"(1, 1, 4)"
gen_85.cif,74.62676733953457,4.091255656153136,"(2, 2, 0)"
gen_85.cif,75.81520739363481,11.96957015816334,"(2, 1, 3)"
gen_85.cif,76.57003144797697,5.7388335215535315,"(2, 2, 1)"
gen_85.cif,79.70158835915139,1.3523349346699567,"(0, 0, 5)"
gen_85.cif,80.0235148577377,1.283553481404547,"(0, 3, 0)"
gen_85.cif,80.02352879241172,1.2835529847423446,"(3, 0, 0)"
gen_85.cif,81.92929704800451,2.4183930577570187,"(0, 3, 1)"
gen_85.cif,81.92931087875048,2.4183921986645633,"(3, 0, 1)"
gen_85.cif,82.31598671805965,4.836131804924156,"(2, 2, 2)"
gen_85.cif,83.8593878876172,6.161923133613064,"(2, 0, 4)"
gen_85.cif,85.01395181403414,4.34230294482122,"(1, 0, 5)"
gen_85.cif,85.33198099181311,2.9817243370214337,"(1, 3, 0)"
gen_85.cif,85.33199323149442,2.98172347270654,"(3, 1, 0)"
gen_85.cif,87.21815981743457,4.362356044694739,"(1, 3, 1)"
gen_85.cif,87.21817199058619,4.362354985981457,"(3, 1, 1)"
gen_85.cif,87.60158707516018,2.8316148737595364,"(0, 3, 2)"
gen_85.cif,87.60160075069403,2.8316140530083302,"(3, 0, 2)"
gen_85.cif,89.13439680199676,8.377694557966283,"(2, 1, 4)"
gen_39.cif,15.689974492410087,43.863209392576465,"(0, 0, 1)"
gen_39.cif,20.043043278790822,42.15317592793315,"(1, 1, 0)"
gen_39.cif,21.85406635606077,97.10903308281483,"(1, 1, 1)"
gen_39.cif,22.408745642810555,38.68348491695889,"(1, 0, 0)"
gen_39.cif,25.81468655756554,46.79157900623961,"(1, 0, 1)"
gen_39.cif,28.811019205551887,10.086731760907703,"(1, 1, -1)"
gen_39.cif,29.04405219990824,100.0,"(1, 0, -1)"
gen_39.cif,31.68416278182462,14.306161571744347,"(0, 0, 2)"
gen_39.cif,32.61485283659367,3.298958208218055,"(1, 1, 2)"
gen_39.cif,36.386027538864376,4.897881329430946,"(2, 1, 1)"
gen_39.cif,36.54795899108532,68.86331791184116,"(2, 1, 0)"
gen_39.cif,36.73555163745348,67.97170140124545,"(1, 0, 2)"
gen_39.cif,39.429947783127986,11.736706471219058,"(2, 2, 1)"
gen_39.cif,40.666453776645405,26.38088910261846,"(1, -1, 0)"
gen_39.cif,40.734490248550024,1.9372167016424708,"(2, 2, 0)"
gen_39.cif,41.454325370023646,7.7117349510881725,"(1, 0, -2)"
gen_39.cif,42.39868875487215,23.440958660782435,"(1, 1, -2)"
gen_39.cif,42.92915168866203,18.254115099606064,"(2, 1, 2)"
gen_39.cif,43.35141413840017,12.5194966120141,"(2, 1, -1)"
gen_39.cif,43.84179923246701,6.9266871798159775,"(1, -1, 1)"
gen_39.cif,44.5580530507814,18.620042961778893,"(2, 2, 2)"
gen_39.cif,45.737123288725755,10.278174883232426,"(2, 0, 0)"
gen_39.cif,46.6344135374139,27.411454285166933,"(2, 0, 1)"
gen_39.cif,47.00233224351571,6.989477643245287,"(1, 1, 3)"
gen_39.cif,48.043995608758905,12.633656497414815,"(2, 2, -1)"
gen_39.cif,48.34438756830216,12.39305922767699,"(0, 0, 3)"
gen_39.cif,50.600035731491644,4.409475478827383,"(2, 0, -1)"
gen_39.cif,51.09136658550315,2.0335834120138627,"(1, 0, 3)"
gen_39.cif,52.44864016191272,7.160640369498426,"(1, -1, 2)"
gen_39.cif,53.07072669546328,1.721922638437772,"(2, 0, 2)"
gen_39.cif,53.932309700778156,16.66981563354101,"(3, 2, 1)"
gen_39.cif,54.20883583027959,16.40051729842365,"(2, 1, 3)"
gen_39.cif,54.67903062333502,0.17380651149484205,"(2, 2, 3)"
gen_39.cif,54.79991200071554,3.7715147891984384,"(2, 1, -2)"
gen_39.cif,55.86807176696016,8.334404478095902,"(3, 2, 0)"
gen_39.cif,56.619342478215835,5.447910600654733,"(1, 0, -3)"
gen_39.cif,57.18971586816238,0.3225178121049256,"(3, 2, 2)"
gen_39.cif,57.93251818842217,7.851315026652907,"(3, 1, 1)"
gen_39.cif,58.250554515075656,1.603091525080903,"(1, 1, -3)"
gen_39.cif,58.91844331098608,1.3494782901715594,"(3, 1, 0)"
gen_39.cif,59.67820294753209,2.299502676669723,"(2, 2, -2)"
gen_39.cif,60.199152303061574,17.118668939438052,"(2, 0, -2)"
gen_39.cif,60.29468427756915,0.1145773916860745,"(3, 3, 1)"
gen_39.cif,61.89713957762002,14.413368572850237,"(3, 1, 2)"
gen_39.cif,62.50714825956836,4.030603662023902,"(3, 3, 2)"
gen_39.cif,62.68138570147985,0.9946071249253631,"(3, 2, -1)"
gen_39.cif,62.940294927607674,6.837971744191894,"(3, 3, 0)"
gen_39.cif,63.442056385616105,6.702526358783558,"(1, 1, 4)"
gen_39.cif,63.79910500606996,2.3457996897706397,"(2, -1, 0)"
gen_39.cif,63.86519452794008,5.771885764045645,"(2, 0, 3)"
gen_39.cif,64.71787451259974,10.701457863420664,"(3, 1, -1)"
gen_39.cif,64.96525656577931,10.573231642542375,"(1, -1, 3)"
gen_39.cif,65.13663946299116,7.319889410048257,"(3, 2, 3)"
gen_39.cif,65.33959142006283,3.7242532429153004,"(2, -1, 1)"
gen_39.cif,66.18246508596619,0.4269370165009037,"(0, 0, 4)"
gen_39.cif,66.96591144264092,9.957796284744873,"(2, -1, -1)"
gen_39.cif,67.65181411376167,5.085845696157127,"(1, 0, 4)"
gen_39.cif,68.33057973923354,3.214219234537173,"(2, 2, 4)"
gen_39.cif,68.71871503548633,0.16873276406863041,"(2, 1, 4)"
gen_39.cif,69.31592694278577,3.5497175148802587,"(3, 3, 3)"
gen_39.cif,69.4399886276337,9.068430884473214,"(2, 1, -3)"
gen_39.cif,70.13675072620235,2.3550277666551307,"(3, 3, -1)"
gen_39.cif,70.32573837329562,0.1719149455014878,"(3, 1, 3)"
gen_39.cif,71.21181389007651,0.7427679381887203,"(3, 0, 1)"
gen_39.cif,71.31344526702213,10.351560453876598,"(3, 0, 0)"
gen_39.cif,71.43159110896406,10.312229997528036,"(2, -1, 2)"
gen_39.cif,73.45778424459553,1.6798563316580783,"(2, 0, -3)"
gen_39.cif,73.605207521698,9.457377919786742,"(3, 2, -2)"
gen_39.cif,73.95500253869909,9.358956585266753,"(1, 0, -4)"
gen_39.cif,74.53614079308295,0.7201487598782841,"(2, 2, -3)"
gen_39.cif,74.54296253995972,1.479603800199137,"(2, -1, -2)"
gen_39.cif,74.72975590915766,2.487689587442608,"(3, 1, -2)"
gen_39.cif,75.28238736640915,0.1279554390652158,"(4, 2, 1)"
gen_39.cif,75.44474214784981,5.061920521490093,"(4, 3, 1)"
gen_39.cif,75.56813796307938,3.7132389409925803,"(3, 0, 2)"
gen_39.cif,75.86608434246925,2.588244350914116,"(3, 0, -1)"
gen_39.cif,76.14776133234841,1.2953387915903762,"(1, 1, -4)"
gen_39.cif,76.67981745514147,7.050651446447452,"(4, 3, 2)"
gen_39.cif,77.02473045421613,6.987203817549744,"(3, 2, 4)"
gen_39.cif,77.28192455674903,4.572919305367099,"(4, 2, 2)"
gen_39.cif,77.67628634663787,7.697704978510125,"(4, 2, 0)"
gen_39.cif,78.13428217855324,7.6085044862933575,"(2, 0, 4)"
gen_39.cif,78.59675645583847,0.1519696774458915,"(4, 3, 0)"
gen_39.cif,80.19649317302984,0.001486875415755353,"(3, 3, 4)"
gen_39.cif,80.65717829320229,0.5224000664610519,"(1, -1, 4)"
gen_39.cif,81.36657388695043,0.2997977853910651,"(3, 3, -2)"
gen_39.cif,81.65621487553739,0.56983531236256,"(2, -1, 3)"
gen_39.cif,82.08436413760357,0.06826014185919407,"(1, 1, 5)"
gen_39.cif,82.24429329080137,0.00442467620871569,"(4, 3, 3)"
gen_39.cif,82.6594346318422,4.020131829521504,"(3, 1, 4)"
gen_39.cif,83.58490119798562,4.530925059693564,"(4, 2, 3)"
gen_39.cif,83.92831622445848,5.162069926190618,"(4, 1, 1)"
gen_39.cif,84.15344650016705,5.128673711286856,"(3, 0, 3)"
gen_39.cif,84.3591528107101,3.0271370281139482,"(4, 2, -1)"
gen_39.cif,84.40203013757207,2.2333983466821516,"(4, 4, 1)"
gen_39.cif,84.63698743205113,1.1974690929425307,"(3, 0, -2)"
gen_39.cif,85.07661880192276,2.19109538344726,"(2, 2, 5)"
gen_39.cif,85.51877761791027,2.7593316781434916,"(4, 1, 0)"
gen_39.cif,86.00954828924633,4.959608017549938,"(4, 3, -1)"
gen_39.cif,86.07348296889005,1.3571251966749478,"(0, 0, 5)"
gen_39.cif,86.14504480949769,1.8537357517274535,"(2, -1, -3)"
gen_39.cif,86.18475777689679,3.6220541300578577,"(2, 1, 5)"
gen_39.cif,86.62383577892984,0.11382376282208605,"(4, 1, 2)"
gen_39.cif,86.6826634803061,4.873315181889457,"(1, 0, 5)"
gen_39.cif,87.05248797285337,1.016698420152934,"(2, 1, -4)"
gen_39.cif,88.04789785134648,3.241835519844124,"(2, -2, 0)"
gen_39.cif,88.22076793291687,1.9431797490506997,"(3, 2, -3)"
gen_39.cif,88.22545939876039,1.702806584634559,"(4, 4, 0)"
gen_39.cif,88.55905807479586,1.0054758007752365,"(3, 1, -3)"
gen_39.cif,89.59066722481381,2.1317640181229063,"(4, 4, 3)"
Li3Sn_split_06_gen_56.cif,15.604199094350175,31.25317277749769,"(0, 0, 0, 2)"
Li3Sn_split_06_gen_56.cif,21.909396710710848,55.770464587053546,"(1, -1, 0, 0)"
Li3Sn_split_06_gen_56.cif,21.911039540040644,55.60909405769104,"(0, 1, -1, 0)"
Li3Sn_split_06_gen_56.cif,21.912099839752855,55.67835256764812,"(1, 0, -1, 0)"
Li3Sn_split_06_gen_56.cif,23.280648100308728,61.631496382618096,"(1, -1, 0, -1)"
Li3Sn_split_06_gen_56.cif,23.283996110693984,72.58534810220776,"(1, 0, -1, -1)"
Li3Sn_split_06_gen_56.cif,23.284177784198054,72.98904897527166,"(0, 1, -1, 1)"
Li3Sn_split_06_gen_56.cif,23.28576965560822,61.5006680297616,"(0, 1, -1, -1)"
Li3Sn_split_06_gen_56.cif,23.286197412600814,72.65782362288245,"(1, -1, 0, 1)"
Li3Sn_split_06_gen_56.cif,23.287953041909777,61.74586261168328,"(1, 0, -1, 1)"
Li3Sn_split_06_gen_56.cif,23.498368972878392,100.0,"(0, 0, 0, 3)"
Li3Sn_split_06_gen_56.cif,27.006349195517057,12.1533699146821,"(1, -1, 0, -2)"
Li3Sn_split_06_gen_56.cif,27.009956146380038,13.477952859482857,"(1, 0, -1, -2)"
Li3Sn_split_06_gen_56.cif,27.011143638757492,13.32887653117136,"(0, 1, -1, 2)"
Li3Sn_split_06_gen_56.cif,27.01391464028685,12.201981395500841,"(0, 1, -1, -2)"
Li3Sn_split_06_gen_56.cif,27.016008830267452,13.413261688286633,"(1, -1, 0, 2)"
Li3Sn_split_06_gen_56.cif,27.016844127708953,12.1298564058339,"(1, 0, -1, 2)"
Li3Sn_split_06_gen_56.cif,31.507537243705137,11.023765223756772,"(0, 0, 0, 4)"
Li3Sn_split_06_gen_56.cif,32.33835665247886,23.08724301283625,"(1, -1, 0, -3)"
Li3Sn_split_06_gen_56.cif,32.342006776801576,6.053211614606194,"(1, 0, -1, -3)"
Li3Sn_split_06_gen_56.cif,32.34388868911952,5.969871849542541,"(0, 1, -1, 3)"
Li3Sn_split_06_gen_56.cif,32.34741715969164,23.084261585947115,"(0, 1, -1, -3)"
Li3Sn_split_06_gen_56.cif,32.35065662341769,6.055837290216352,"(1, -1, 0, 3)"
Li3Sn_split_06_gen_56.cif,32.35077770986779,23.00220403753424,"(1, 0, -1, 3)"
Li3Sn_split_06_gen_56.cif,38.434304722654154,55.991726331914,"(1, -2, 1, 0)"
Li3Sn_split_06_gen_56.cif,38.43621427104213,55.98461537750666,"(2, -1, -1, 0)"
Li3Sn_split_06_gen_56.cif,38.43917259516857,55.97238922345733,"(1, 1, -2, 0)"
Li3Sn_split_06_gen_56.cif,38.70067317707757,22.017641350376337,"(1, -1, 0, -4)"
Li3Sn_split_06_gen_56.cif,38.7042991773407,51.72453028161137,"(1, 0, -1, -4)"
Li3Sn_split_06_gen_56.cif,38.70665684071742,51.75928797685904,"(0, 1, -1, 4)"
Li3Sn_split_06_gen_56.cif,38.71068187194181,22.030484065116234,"(0, 1, -1, -4)"
Li3Sn_split_06_gen_56.cif,38.7143045073477,22.02405005526597,"(1, 0, -1, 4)"
Li3Sn_split_06_gen_56.cif,38.71470397584827,51.68738490121546,"(1, -1, 0, 4)"
Li3Sn_split_06_gen_56.cif,39.27361847856759,0.7178981706291219,"(1, -2, 1, -1)"
Li3Sn_split_06_gen_56.cif,39.27475513671501,0.6926594951709703,"(2, -1, -1, -1)"
Li3Sn_split_06_gen_56.cif,39.27807750128124,0.6699286663376197,"(1, -2, 1, 1)"
Li3Sn_split_06_gen_56.cif,39.279889577549504,0.6687274036745082,"(1, 1, -2, -1)"
Li3Sn_split_06_gen_56.cif,39.28069086011797,0.6946079982370422,"(2, -1, -1, 1)"
Li3Sn_split_06_gen_56.cif,39.281366365112646,0.7186280721643339,"(1, 1, -2, 1)"
Li3Sn_split_06_gen_56.cif,39.67817229821947,16.09846626926197,"(0, 0, 0, 5)"
Li3Sn_split_06_gen_56.cif,41.71073424205064,2.822762899617558,"(1, -2, 1, -2)"
Li3Sn_split_06_gen_56.cif,41.711113052157025,2.7756041893323786,"(2, -1, -1, -2)"
Li3Sn_split_06_gen_56.cif,41.718118974165634,2.74244305908162,"(1, 1, -2, -2)"
Li3Sn_split_06_gen_56.cif,41.7192184523827,2.757074797145038,"(1, -2, 1, 2)"
Li3Sn_split_06_gen_56.cif,41.72092890353583,2.8359100406555364,"(1, 1, -2, 2)"
Li3Sn_split_06_gen_56.cif,41.722407047634334,2.8034083408334465,"(2, -1, -1, 2)"
Li3Sn_split_06_gen_56.cif,44.675492178840884,8.905008677214168,"(2, -2, 0, 0)"
Li3Sn_split_06_gen_56.cif,44.67897968517523,8.951791992970701,"(0, 2, -2, 0)"
Li3Sn_split_06_gen_56.cif,44.68123057727959,8.926116469209141,"(2, 0, -2, 0)"
Li3Sn_split_06_gen_56.cif,45.41840624879539,12.894175377746189,"(2, -2, 0, -1)"
Li3Sn_split_06_gen_56.cif,45.42404494508845,10.936158825355735,"(0, 2, -2, 1)"
Li3Sn_split_06_gen_56.cif,45.42456534958048,10.90066278024652,"(2, -2, 0, 1)"
Li3Sn_split_06_gen_56.cif,45.42495425793792,10.844085546618173,"(2, 0, -2, -1)"
Li3Sn_split_06_gen_56.cif,45.425811746487916,12.775808578541575,"(0, 2, -2, -1)"
Li3Sn_split_06_gen_56.cif,45.42934602490574,12.916105450886622,"(2, 0, -2, 1)"
Li3Sn_split_06_gen_56.cif,45.535235279679014,17.928943201023976,"(2, -1, -1, -3)"
Li3Sn_split_06_gen_56.cif,45.53553715224372,17.85748490109561,"(1, -2, 1, -3)"
Li3Sn_split_06_gen_56.cif,45.5437444638755,17.968200987519314,"(1, 1, -2, -3)"
Li3Sn_split_06_gen_56.cif,45.54740170568313,17.941960492297465,"(1, -2, 1, 3)"
Li3Sn_split_06_gen_56.cif,45.5476740110374,17.821753634768434,"(1, 1, -2, 3)"
Li3Sn_split_06_gen_56.cif,45.551029215856964,17.86693857368133,"(2, -1, -1, 3)"
Li3Sn_split_06_gen_56.cif,45.77213910414761,7.609666517533253,"(1, -1, 0, -5)"
Li3Sn_split_06_gen_56.cif,45.77574210930617,0.2896912346186173,"(1, 0, -1, -5)"
Li3Sn_split_06_gen_56.cif,45.77845169980383,0.2944133186636902,"(0, 1, -1, 5)"
Li3Sn_split_06_gen_56.cif,45.782841932829065,7.555868838739448,"(0, 1, -1, -5)"
Li3Sn_split_06_gen_56.cif,45.78665529758076,7.610435205745123,"(1, 0, -1, 5)"
Li3Sn_split_06_gen_56.cif,45.78744285021844,0.2936471936329524,"(1, -1, 0, 5)"
Li3Sn_split_06_gen_56.cif,47.59865637369877,2.9705090237855263,"(2, -2, 0, -2)"
Li3Sn_split_06_gen_56.cif,47.60582427852015,2.7071346792514523,"(2, 0, -2, -2)"
Li3Sn_split_06_gen_56.cif,47.60621323585409,2.6768890506063547,"(0, 2, -2, 2)"
Li3Sn_split_06_gen_56.cif,47.60962140261402,3.0089630359947104,"(0, 2, -2, -2)"
Li3Sn_split_06_gen_56.cif,47.61053722825232,2.700963604234994,"(2, -2, 0, 2)"
Li3Sn_split_06_gen_56.cif,47.61429604849936,2.942684536325124,"(2, 0, -2, 2)"
Li3Sn_split_06_gen_56.cif,48.065108167894536,4.155905485141162,"(0, 0, 0, 6)"
Li3Sn_split_06_gen_56.cif,50.50556337160931,3.047009021459459,"(2, -1, -1, -4)"
Li3Sn_split_06_gen_56.cif,50.50644835333187,3.0575218390615153,"(1, -2, 1, -4)"
Li3Sn_split_06_gen_56.cif,50.515261831603326,3.031010192972194,"(1, 1, -2, -4)"
Li3Sn_split_06_gen_56.cif,50.52010742511204,3.0514677516288726,"(1, 1, -2, 4)"
Li3Sn_split_06_gen_56.cif,50.521078504878616,3.026466183838618,"(1, -2, 1, 4)"
Li3Sn_split_06_gen_56.cif,50.525038959280145,3.036416748875521,"(2, -1, -1, 4)"
Li3Sn_split_06_gen_56.cif,51.07617923669663,1.700044934329278,"(2, -2, 0, -3)"
Li3Sn_split_06_gen_56.cif,51.08379165311856,6.597118961766199,"(2, 0, -2, -3)"
Li3Sn_split_06_gen_56.cif,51.08536250318249,6.5531582676100895,"(0, 2, -2, 3)"
Li3Sn_split_06_gen_56.cif,51.090214835311116,1.7494763618264515,"(0, 2, -2, -3)"
Li3Sn_split_06_gen_56.cif,51.093094301758676,6.558216947730379,"(2, -2, 0, 3)"
Li3Sn_split_06_gen_56.cif,51.09585328921644,1.7019378707612343,"(2, 0, -2, 3)"
Li3Sn_split_06_gen_56.cif,53.40351491049742,2.498674842510897,"(1, -1, 0, -6)"
Li3Sn_split_06_gen_56.cif,53.40712261383304,0.6569267169013867,"(1, 0, -1, -6)"
Li3Sn_split_06_gen_56.cif,53.41012329708736,0.6734469311215632,"(0, 1, -1, 6)"
Li3Sn_split_06_gen_56.cif,53.41482552958574,2.506022201021798,"(0, 1, -1, -6)"
Li3Sn_split_06_gen_56.cif,53.418811401598184,2.486742199819366,"(1, 0, -1, 6)"
Li3Sn_split_06_gen_56.cif,53.41990616761619,0.6617351368793569,"(1, -1, 0, 6)"
Li3Sn_split_06_gen_56.cif,55.67927414837918,18.461096329895526,"(2, -2, 0, -4)"
Li3Sn_split_06_gen_56.cif,55.68720688804224,7.8509343178049305,"(2, 0, -2, -4)"
Li3Sn_split_06_gen_56.cif,55.68981858136341,7.849191367503543,"(0, 2, -2, 4)"
Li3Sn_split_06_gen_56.cif,55.69591303849756,18.414298625728915,"(0, 2, -2, -4)"
Li3Sn_split_06_gen_56.cif,55.70051902686283,7.865186688015605,"(2, -2, 0, 4)"
Li3Sn_split_06_gen_56.cif,55.70235621244184,18.43927179768248,"(2, 0, -2, 4)"
Li3Sn_split_06_gen_56.cif,56.41953646758953,5.900615265293911,"(2, -1, -1, -5)"
Li3Sn_split_06_gen_56.cif,56.420917335527704,5.932408646999353,"(1, -2, 1, -5)"
Li3Sn_split_06_gen_56.cif,56.43021398265047,5.880527749991577,"(1, 1, -2, -5)"
Li3Sn_split_06_gen_56.cif,56.43582450623761,5.943290911102113,"(1, 1, -2, 5)"
Li3Sn_split_06_gen_56.cif,56.437856774467484,5.893582681634591,"(1, -2, 1, 5)"
Li3Sn_split_06_gen_56.cif,56.44208629421096,5.924562774479047,"(2, -1, -1, 5)"
Li3Sn_split_06_gen_56.cif,56.73583384440689,3.475682426409903,"(0, 0, 0, 7)"
Li3Sn_split_06_gen_56.cif,60.3679211615638,3.7658287280031266,"(2, -3, 1, 0)"
Li3Sn_split_06_gen_56.cif,60.37003692707279,3.7345570615275685,"(1, -3, 2, 0)"
Li3Sn_split_06_gen_56.cif,60.37019718957872,3.760298567928484,"(3, -2, -1, 0)"
Li3Sn_split_06_gen_56.cif,60.373678470732564,3.7441977304777314,"(3, -1, -2, 0)"
Li3Sn_split_06_gen_56.cif,60.3758390047315,3.7385922890488565,"(1, 2, -3, 0)"
Li3Sn_split_06_gen_56.cif,60.377204520389796,3.753755814515776,"(2, 1, -3, 0)"
Li3Sn_split_06_gen_56.cif,60.97061666942973,4.6666153666546135,"(2, -3, 1, -1)"
Li3Sn_split_06_gen_56.cif,60.97234463566612,4.646712275144967,"(3, -2, -1, -1)"
Li3Sn_split_06_gen_56.cif,60.97361444918934,5.544449543294601,"(1, -3, 2, -1)"
Li3Sn_split_06_gen_56.cif,60.97616524868698,5.482496495246485,"(3, -1, -2, -1)"
Li3Sn_split_06_gen_56.cif,60.976353589521466,5.471550916763354,"(2, -3, 1, 1)"
Li3Sn_split_06_gen_56.cif,60.97756233053552,4.6424415969920085,"(1, -3, 2, 1)"
Li3Sn_split_06_gen_56.cif,60.979150697140284,5.501427700784924,"(3, -2, -1, 1)"
Li3Sn_split_06_gen_56.cif,60.98118134465605,4.629635311515487,"(1, 2, -3, -1)"
Li3Sn_split_06_gen_56.cif,60.98128457060998,5.457125053985524,"(2, 1, -3, -1)"
Li3Sn_split_06_gen_56.cif,60.98153094071327,5.548926227182692,"(1, 2, -3, 1)"
Li3Sn_split_06_gen_56.cif,60.98225145415619,4.680689303548548,"(3, -1, -2, 1)"
Li3Sn_split_06_gen_56.cif,60.98414256404817,4.687770873249206,"(2, 1, -3, 1)"
Li3Sn_split_06_gen_56.cif,61.253543273551834,0.12540532969090437,"(2, -2, 0, -5)"
Li3Sn_split_06_gen_56.cif,61.26173358344513,3.25837122395661,"(2, 0, -2, -5)"
Li3Sn_split_06_gen_56.cif,61.26526011361387,3.306558199506508,"(0, 2, -2, 5)"
Li3Sn_split_06_gen_56.cif,61.272436358703004,0.12489053321114571,"(0, 2, -2, -5)"
Li3Sn_split_06_gen_56.cif,61.27855897894931,3.2623671894239985,"(2, -2, 0, 5)"
Li3Sn_split_06_gen_56.cif,61.279572066143864,0.12887181462920574,"(2, 0, -2, 5)"
Li3Sn_split_06_gen_56.cif,61.54886738748026,2.6591569855094406,"(1, -1, 0, -7)"
Li3Sn_split_06_gen_56.cif,61.55251959605461,9.145105284796037,"(1, 0, -1, -7)"
Li3Sn_split_06_gen_56.cif,61.55579136570254,9.119435272768614,"(0, 1, -1, 7)"
Li3Sn_split_06_gen_56.cif,61.560800927959136,2.6797658334064893,"(0, 1, -1, -7)"
Li3Sn_split_06_gen_56.cif,61.564972369231015,2.6594264168357813,"(1, 0, -1, 7)"
Li3Sn_split_06_gen_56.cif,61.56632989105506,9.12779390114087,"(1, -1, 0, 7)"
Li3Sn_split_06_gen_56.cif,62.76384941969618,1.205748867819522,"(2, -3, 1, -2)"
Li3Sn_split_06_gen_56.cif,62.76502292858918,1.2124024073087043,"(3, -2, -1, -2)"
Li3Sn_split_06_gen_56.cif,62.76767708034571,1.3216386808710918,"(1, -3, 2, -2)"
Li3Sn_split_06_gen_56.cif,62.769134015743404,1.3510056945716573,"(3, -1, -2, -2)"
Li3Sn_split_06_gen_56.cif,62.77513257059907,1.3483847749827325,"(2, -3, 1, 2)"
Li3Sn_split_06_gen_56.cif,62.775441633470045,1.2220846735627573,"(1, -3, 2, 2)"
Li3Sn_split_06_gen_56.cif,62.7757556576621,1.359744909785639,"(2, 1, -3, -2)"
Li3Sn_split_06_gen_56.cif,62.77688753725652,1.2232451588323328,"(1, 2, -3, -2)"
Li3Sn_split_06_gen_56.cif,62.77757511377342,1.315465910908432,"(1, 2, -3, 2)"
Li3Sn_split_06_gen_56.cif,62.778408850944075,1.3334608836627502,"(3, -2, -1, 2)"
Li3Sn_split_06_gen_56.cif,62.78110418593867,1.2079251503233794,"(3, -1, -2, 2)"
Li3Sn_split_06_gen_56.cif,62.781376692019,1.2024379543373453,"(2, 1, -3, 2)"
Li3Sn_split_06_gen_56.cif,63.141852868911634,1.8926648279207934,"(2, -1, -1, -6)"
Li3Sn_split_06_gen_56.cif,63.143666400871545,1.8737940414928054,"(1, -2, 1, -6)"
Li3Sn_split_06_gen_56.cif,63.15340611284379,1.9069121570928016,"(1, 1, -2, -6)"
Li3Sn_split_06_gen_56.cif,63.15969351584529,1.8688533917120314,"(1, 1, -2, 6)"
Li3Sn_split_06_gen_56.cif,63.16264926198357,1.9024932845119884,"(1, -2, 1, 6)"
Li3Sn_split_06_gen_56.cif,63.167123024603484,1.8833000523772563,"(2, -1, -1, 6)"
Li3Sn_split_06_gen_56.cif,65.69264471650212,3.183782389849654,"(2, -3, 1, -3)"
Li3Sn_split_06_gen_56.cif,65.69327664921676,3.1942335877815773,"(3, -2, -1, -3)"
Li3Sn_split_06_gen_56.cif,65.69723723147995,0.8120654553311638,"(1, -3, 2, -3)"
Li3Sn_split_06_gen_56.cif,65.69763275288241,0.8345619956469758,"(3, -1, -2, -3)"
Li3Sn_split_06_gen_56.cif,65.70564155523815,0.8465375205902825,"(2, 1, -3, -3)"
Li3Sn_split_06_gen_56.cif,65.70794915187008,3.1959973385081875,"(1, 2, -3, -3)"
Li3Sn_split_06_gen_56.cif,65.70859992813944,3.187329395064101,"(1, -3, 2, 3)"
Li3Sn_split_06_gen_56.cif,65.70895536311913,0.8125493369073737,"(1, 2, -3, 3)"
Li3Sn_split_06_gen_56.cif,65.70915650748049,0.8482466620791513,"(2, -3, 1, 3)"
Li3Sn_split_06_gen_56.cif,65.71286569754889,0.8367445011017238,"(3, -2, -1, 3)"
Li3Sn_split_06_gen_56.cif,65.71386748737841,3.163783885226881,"(2, 1, -3, 3)"
Li3Sn_split_06_gen_56.cif,65.7151500571283,3.165560746322419,"(3, -1, -2, 3)"
Li3Sn_split_06_gen_56.cif,65.7772173534458,6.708975330776499,"(0, 0, 0, 8)"
Li3Sn_split_06_gen_56.cif,67.69012054390274,0.338508532123025,"(2, -2, 0, -6)"
Li3Sn_split_06_gen_56.cif,67.69856271578512,1.279069389595903,"(2, 0, -2, -6)"
Li3Sn_split_06_gen_56.cif,67.7029154198356,1.2597780791119852,"(0, 2, -2, 6)"
Li3Sn_split_06_gen_56.cif,67.71107671692123,0.3268370268764861,"(0, 2, -2, -6)"
Li3Sn_split_06_gen_56.cif,67.71856982487371,1.26803263431739,"(2, -2, 0, 6)"
Li3Sn_split_06_gen_56.cif,67.71884991155055,0.3434871391633406,"(2, 0, -2, 6)"
Li3Sn_split_06_gen_56.cif,69.51417539835249,10.31456436933962,"(3, -3, 0, 0)"
Li3Sn_split_06_gen_56.cif,69.52006500187738,10.311848537050226,"(0, 3, -3, 0)"
Li3Sn_split_06_gen_56.cif,69.52386631818146,10.310525361574939,"(3, 0, -3, 0)"
Li3Sn_split_06_gen_56.cif,69.68536961285184,4.138647399810726,"(2, -3, 1, -4)"
Li3Sn_split_06_gen_56.cif,69.685485226243,4.138854992437079,"(3, -2, -1, -4)"
Li3Sn_split_06_gen_56.cif,69.69005399796453,9.64464698175886,"(3, -1, -2, -4)"
Li3Sn_split_06_gen_56.cif,69.69066659300049,9.660530995957613,"(1, -3, 2, -4)"
Li3Sn_split_06_gen_56.cif,69.69934192454417,9.632881962862637,"(2, 1, -3, -4)"
Li3Sn_split_06_gen_56.cif,69.70275385038558,4.146736519649397,"(1, 2, -3, -4)"
Li3Sn_split_06_gen_56.cif,69.70405763680121,9.655462623458515,"(1, 2, -3, 4)"
Li3Sn_split_06_gen_56.cif,69.70538954312482,4.151564325416178,"(1, -3, 2, 4)"
Li3Sn_split_06_gen_56.cif,69.70676431302643,9.630279043685666,"(2, -3, 1, 4)"
Li3Sn_split_06_gen_56.cif,69.71000060184029,4.144999941740027,"(2, 1, -3, 4)"
Li3Sn_split_06_gen_56.cif,69.71086728665189,9.636982431684155,"(3, -2, -1, 4)"
Li3Sn_split_06_gen_56.cif,69.71275176435984,4.150033948386074,"(3, -1, -2, 4)"
Li3Sn_split_06_gen_56.cif,70.07323411289826,0.1387469286603983,"(3, -3, 0, -1)"
Li3Sn_split_06_gen_56.cif,70.08023362742121,0.13004312810809995,"(3, -3, 0, 1)"
Li3Sn_split_06_gen_56.cif,70.08159830624666,0.14384077290153668,"(0, 3, -3, 1)"
Li3Sn_split_06_gen_56.cif,70.08360623331383,0.1250990343442318,"(0, 3, -3, -1)"
Li3Sn_split_06_gen_56.cif,70.08389426097061,0.12932515527057564,"(3, 0, -3, -1)"
Li3Sn_split_06_gen_56.cif,70.08888546908057,0.13936433138694954,"(3, 0, -3, 1)"
Li3Sn_split_06_gen_56.cif,70.23190765752223,7.853590414418092,"(1, -1, 0, -8)"
Li3Sn_split_06_gen_56.cif,70.23565420390021,0.5597973578269471,"(1, 0, -1, -8)"
Li3Sn_split_06_gen_56.cif,70.23920775412378,0.5632631657274386,"(0, 1, -1, 8)"
Li3Sn_split_06_gen_56.cif,70.24455685889878,7.835846018171696,"(0, 1, -1, -8)"
Li3Sn_split_06_gen_56.cif,70.24895103360386,7.848491041588382,"(1, 0, -1, 8)"
Li3Sn_split_06_gen_56.cif,70.25055370326139,0.560156527077244,"(1, -1, 0, 8)"
Li3Sn_split_06_gen_56.cif,70.60795136466308,1.8784500684632655,"(2, -1, -1, -7)"
Li3Sn_split_06_gen_56.cif,70.61016217927707,1.8730510033809895,"(1, -2, 1, -7)"
Li3Sn_split_06_gen_56.cif,70.62037460191155,1.8773226918716348,"(1, 1, -2, -7)"
Li3Sn_split_06_gen_56.cif,70.62731243297516,1.8663847147966537,"(1, 1, -2, 7)"
Li3Sn_split_06_gen_56.cif,70.63110859086851,1.8711148224994527,"(1, -2, 1, 7)"
Li3Sn_split_06_gen_56.cif,70.6358355287481,1.8655750777458573,"(2, -1, -1, 7)"
Li3Sn_split_06_gen_56.cif,71.74580498787715,0.601881924313903,"(3, -3, 0, -2)"
Li3Sn_split_06_gen_56.cif,71.75655570280846,0.6150280304170225,"(0, 3, -3, 2)"
Li3Sn_split_06_gen_56.cif,71.75735187016802,0.5847344188996297,"(3, 0, -3, -2)"
Li3Sn_split_06_gen_56.cif,71.75966303763866,0.59417591296403,"(3, -3, 0, 2)"
Li3Sn_split_06_gen_56.cif,71.76053112937177,0.5810091573968407,"(0, 3, -3, -2)"
Li3Sn_split_06_gen_56.cif,71.76723381705726,0.6110451634924696,"(3, 0, -3, 2)"
Li3Sn_split_06_gen_56.cif,74.50113211254073,4.44787156705736,"(3, -3, 0, -3)"
Li3Sn_split_06_gen_56.cif,74.51349126266359,4.47602591008327,"(3, 0, -3, -3)"
Li3Sn_split_06_gen_56.cif,74.51416193563568,4.42270112517274,"(0, 3, -3, 3)"
Li3Sn_split_06_gen_56.cif,74.52003866836516,4.481905303218529,"(0, 3, -3, -3)"
Li3Sn_split_06_gen_56.cif,74.52161786072175,4.458591148824631,"(3, -3, 0, 3)"
Li3Sn_split_06_gen_56.cif,74.52809944997354,4.42754578142081,"(3, 0, -3, 3)"
Li3Sn_split_06_gen_56.cif,74.67483935034068,1.9163303267513767,"(3, -2, -1, -5)"
Li3Sn_split_06_gen_56.cif,74.6752116576936,1.9305419598376308,"(2, -3, 1, -5)"
Li3Sn_split_06_gen_56.cif,74.67960816923728,0.07244413114709318,"(3, -1, -2, -5)"
Li3Sn_split_06_gen_56.cif,74.68117327495268,0.07487587550053314,"(1, -3, 2, -5)"
Li3Sn_split_06_gen_56.cif,74.69010301376133,0.07234062771904742,"(2, 1, -3, -5)"
Li3Sn_split_06_gen_56.cif,74.69455785683243,1.890560138334893,"(1, 2, -3, -5)"
Li3Sn_split_06_gen_56.cif,74.69614260034652,0.07590455079419743,"(1, 2, -3, 5)"
Li3Sn_split_06_gen_56.cif,74.6990687463824,1.8921707060664654,"(1, -3, 2, 5)"
Li3Sn_split_06_gen_56.cif,74.70121642463027,0.07440296818155925,"(2, -3, 1, 5)"
Li3Sn_split_06_gen_56.cif,74.70305859316265,1.9325445559971974,"(2, 1, -3, 5)"
Li3Sn_split_06_gen_56.cif,74.70569077999282,0.07553615056081295,"(3, -2, -1, 5)"
Li3Sn_split_06_gen_56.cif,74.70719704984023,1.9199526795090607,"(3, -1, -2, 5)"
Li3Sn_split_06_gen_56.cif,74.93775517067697,5.333700998513831,"(2, -2, 0, -7)"
Li3Sn_split_06_gen_56.cif,74.94649499951998,1.565715979964356,"(2, 0, -2, -7)"
Li3Sn_split_06_gen_56.cif,74.95163343983943,1.542538965029659,"(0, 2, -2, 7)"
Li3Sn_split_06_gen_56.cif,74.9607559264672,5.344943895375296,"(0, 2, -2, -7)"
Li3Sn_split_06_gen_56.cif,74.9691716050443,5.314962803527192,"(2, 0, -2, 7)"
Li3Sn_split_06_gen_56.cif,74.96955481625038,1.5671113890354251,"(2, -2, 0, 7)"
Li3Sn_split_06_gen_56.cif,75.30681889892054,0.9367489832722842,"(0, 0, 0, 9)"
Li3Sn_split_06_gen_56.cif,78.30061647480004,0.9212915337584371,"(3, -3, 0, -4)"
Li3Sn_split_06_gen_56.cif,78.31374285667755,0.9134223422767498,"(3, 0, -3, -4)"
Li3Sn_split_06_gen_56.cif,78.31583501435962,0.9229264015363772,"(0, 3, -3, 4)"
Li3Sn_split_06_gen_56.cif,78.32354597905777,0.9077985051135524,"(0, 3, -3, -4)"
Li3Sn_split_06_gen_56.cif,78.32749598892926,0.9098322286093887,"(3, -3, 0, 4)"
Li3Sn_split_06_gen_56.cif,78.33291060794288,0.9170930190051697,"(3, 0, -3, 4)"
Li3Sn_split_06_gen_56.cif,78.82252242922031,4.163287698333205,"(2, -1, -1, -8)"
Li3Sn_split_06_gen_56.cif,78.82512467643772,4.166960830929328,"(1, -2, 1, -8)"
Li3Sn_split_06_gen_56.cif,78.83590630016727,4.162366059474875,"(1, 1, -2, -8)"
Li3Sn_split_06_gen_56.cif,78.84353033441478,4.169453456466281,"(1, 1, -2, 8)"
Li3Sn_split_06_gen_56.cif,78.84814263543258,4.165666994618812,"(1, -2, 1, 8)"
Li3Sn_split_06_gen_56.cif,78.85316437598875,4.169081800493758,"(2, -1, -1, 8)"
Li3Sn_split_06_gen_56.cif,79.53760324322266,0.2529498852354609,"(1, -1, 0, -9)"
Li3Sn_split_06_gen_56.cif,79.54150858625938,2.038728276335736,"(1, 0, -1, -9)"
Li3Sn_split_06_gen_56.cif,79.54538470165326,2.052997563160321,"(0, 1, -1, 9)"
Li3Sn_split_06_gen_56.cif,79.55114372201945,0.2542141152690199,"(0, 1, -1, -9)"
Li3Sn_split_06_gen_56.cif,79.55582440524456,0.2543581354653556,"(1, 0, -1, 9)"
Li3Sn_split_06_gen_56.cif,79.55767814147919,2.0433681851809244,"(1, -1, 0, 9)"
Li3Sn_split_06_gen_56.cif,80.6194302587149,0.8249990377975971,"(3, -2, -1, -6)"
Li3Sn_split_06_gen_56.cif,80.62026802093892,0.8188056736327025,"(2, -3, 1, -6)"
Li3Sn_split_06_gen_56.cif,80.62441076136372,0.21200992476657918,"(3, -1, -2, -6)"
Li3Sn_split_06_gen_56.cif,80.62688832422462,0.2228384281445409,"(1, -3, 2, -6)"
Li3Sn_split_06_gen_56.cif,80.63610026990472,0.20832559964117014,"(2, 1, -3, -6)"
Li3Sn_split_06_gen_56.cif,80.64156662733512,0.830520649730228,"(1, 2, -3, -6)"
Li3Sn_split_06_gen_56.cif,80.64342561544261,0.2244776283354694,"(1, 2, -3, 6)"
Li3Sn_split_06_gen_56.cif,80.64788044472692,0.8271724177641836,"(1, -3, 2, 6)"
Li3Sn_split_06_gen_56.cif,80.65077256275559,0.21163120515811357,"(2, -3, 1, 6)"
Li3Sn_split_06_gen_56.cif,80.65129788773066,0.8118360806981945,"(2, 1, -3, 6)"
Li3Sn_split_06_gen_56.cif,80.65562025888516,0.2169571469472449,"(3, -2, -1, 6)"
Li3Sn_split_06_gen_56.cif,80.6567738563409,0.814678548826388,"(3, -1, -2, 6)"
Li3Sn_split_06_gen_56.cif,82.34049999267492,6.687584968127449,"(2, -4, 2, 0)"
Li3Sn_split_06_gen_56.cif,82.34529084138138,6.686931015277483,"(4, -2, -2, 0)"
Li3Sn_split_06_gen_56.cif,82.35271324504733,6.685350767380549,"(2, 2, -4, 0)"
Li3Sn_split_06_gen_56.cif,82.87002281024313,0.09587579508574866,"(2, -4, 2, -1)"
Li3Sn_split_06_gen_56.cif,82.8738656577439,0.08944727929214151,"(4, -2, -2, -1)"
Li3Sn_split_06_gen_56.cif,82.87571238172367,0.08390206000598965,"(2, -4, 2, 1)"
Li3Sn_split_06_gen_56.cif,82.88143967645162,0.0901297850277533,"(4, -2, -2, 1)"
Li3Sn_split_06_gen_56.cif,82.8841239143296,0.08353694610199361,"(2, 2, -4, -1)"
Li3Sn_split_06_gen_56.cif,82.88600839049512,0.09618831140258209,"(2, 2, -4, 1)"
Li3Sn_split_06_gen_56.cif,83.0102230904571,0.3851270286300632,"(2, -2, 0, -8)"
Li3Sn_split_06_gen_56.cif,83.01935991914806,5.1406719388195885,"(2, 0, -2, -8)"
Li3Sn_split_06_gen_56.cif,83.02530107236787,5.158365188523774,"(0, 2, -2, 8)"
Li3Sn_split_06_gen_56.cif,83.03544441135163,0.3809665423264543,"(0, 2, -2, -8)"
Li3Sn_split_06_gen_56.cif,83.04457425950346,0.38565840806215324,"(2, 0, -2, 8)"
Li3Sn_split_06_gen_56.cif,83.0455810423229,5.1373086578457166,"(2, -2, 0, 8)"
Li3Sn_split_06_gen_56.cif,83.1133448442956,2.1361088896219425,"(3, -3, 0, -5)"
Li3Sn_split_06_gen_56.cif,83.12724280918279,2.11761370974223,"(3, 0, -3, -5)"
Li3Sn_split_06_gen_56.cif,83.1307190473895,2.1523233580474406,"(0, 3, -3, 5)"
Li3Sn_split_06_gen_56.cif,83.14022631175695,2.1162229116039324,"(0, 3, -3, -5)"
Li3Sn_split_06_gen_56.cif,83.14648576074259,2.1330331650080048,"(3, -3, 0, 5)"
Li3Sn_split_06_gen_56.cif,83.15087589579315,2.150636966327783,"(3, 0, -3, 5)"
Li3Sn_split_06_gen_56.cif,84.46078226147552,0.4183567965597256,"(2, -4, 2, -2)"
Li3Sn_split_06_gen_56.cif,84.46367392215707,0.4045040153137168,"(4, -2, -2, -2)"
Li3Sn_split_06_gen_56.cif,84.47212634560499,0.3993375064251785,"(2, -4, 2, 2)"
Li3Sn_split_06_gen_56.cif,84.47673664822695,0.395034646717298,"(2, 2, -4, -2)"
Li3Sn_split_06_gen_56.cif,84.47877532478145,0.4130187138439444,"(4, -2, -2, 2)"
Li3Sn_split_06_gen_56.cif,84.48049401127595,0.42256166720894894,"(2, 2, -4, 2)"
Li3Sn_split_06_gen_56.cif,85.49354607498337,0.666861985182051,"(0, 0, 0, 10)"
Li3Sn_split_06_gen_56.cif,86.49785369922249,1.5125270135273265,"(3, -4, 1, 0)"
Li3Sn_split_06_gen_56.cif,86.50062861964938,1.5145569074730465,"(4, -3, -1, 0)"
Li3Sn_split_06_gen_56.cif,86.50276707883043,1.5291962225243516,"(1, -4, 3, 0)"
Li3Sn_split_06_gen_56.cif,86.50871329566671,1.5227050585780837,"(4, -1, -3, 0)"
Li3Sn_split_06_gen_56.cif,86.5098411580308,1.5268198583680046,"(1, 3, -4, 0)"
Li3Sn_split_06_gen_56.cif,86.51301245447199,1.5183010918057247,"(3, 1, -4, 0)"
Li3Sn_split_06_gen_56.cif,87.02302954462809,2.2894089581164416,"(3, -4, 1, -1)"
Li3Sn_split_06_gen_56.cif,87.02533490444495,2.2766305419120063,"(4, -3, -1, -1)"
Li3Sn_split_06_gen_56.cif,87.02950674013206,1.935866596102534,"(1, -4, 3, -1)"
Li3Sn_split_06_gen_56.cif,87.0302491304429,1.9231363464394615,"(3, -4, 1, 1)"
Li3Sn_split_06_gen_56.cif,87.03349071272852,1.931154244370095,"(4, -3, -1, 1)"
Li3Sn_split_06_gen_56.cif,87.03359357700292,2.2487566328515105,"(1, -4, 3, 1)"
Li3Sn_split_06_gen_56.cif,87.03404551777284,1.91146070641877,"(4, -1, -3, -1)"
Li3Sn_split_06_gen_56.cif,87.03845855781951,1.9404566231538642,"(1, 3, -4, 1)"
Li3Sn_split_06_gen_56.cif,87.03878255617863,2.2458998454348817,"(1, 3, -4, -1)"
Li3Sn_split_06_gen_56.cif,87.03975574430326,1.908037839340976,"(3, 1, -4, -1)"
Li3Sn_split_06_gen_56.cif,87.04094103399008,2.2863630785588884,"(4, -1, -3, 1)"
Li3Sn_split_06_gen_56.cif,87.04382466228365,2.296275388769232,"(3, 1, -4, 1)"
Li3Sn_split_06_gen_56.cif,87.1050511131379,3.151555813808712,"(2, -4, 2, -3)"
Li3Sn_split_06_gen_56.cif,87.10699677665562,3.1767893753806926,"(4, -2, -2, -3)"
Li3Sn_split_06_gen_56.cif,87.1220094581625,3.1860619143307995,"(2, -4, 2, 3)"
Li3Sn_split_06_gen_56.cif,87.12284160000453,3.1935062663057288,"(2, 2, -4, -3)"
Li3Sn_split_06_gen_56.cif,87.12845856200386,3.1425106256774664,"(2, 2, -4, 3)"
Li3Sn_split_06_gen_56.cif,87.12957204917355,3.1602881752419374,"(4, -2, -2, 3)"
Li3Sn_split_06_gen_56.cif,87.52074845516626,1.111825838503655,"(3, -2, -1, -7)"
Li3Sn_split_06_gen_56.cif,87.52204371848008,1.1037139431175322,"(2, -3, 1, -7)"
Li3Sn_split_06_gen_56.cif,87.52598191678172,3.821353625805791,"(3, -1, -2, -7)"
Li3Sn_split_06_gen_56.cif,87.52936452341176,3.800485086344708,"(1, -3, 2, -7)"
Li3Sn_split_06_gen_56.cif,87.53893888356366,3.8260265383313237,"(2, 1, -3, -7)"
Li3Sn_split_06_gen_56.cif,87.54543518506149,1.1292798521553273,"(1, 2, -3, -7)"
Li3Sn_split_06_gen_56.cif,87.54757710760718,3.7945167452696107,"(1, 2, -3, 7)"
Li3Sn_split_06_gen_56.cif,87.5535513403074,1.1300054541543323,"(1, -3, 2, 7)"
Li3Sn_split_06_gen_56.cif,87.55644959482807,1.104723536888995,"(2, 1, -3, 7)"
Li3Sn_split_06_gen_56.cif,87.55719046932,3.8155183245130817,"(2, -3, 1, 7)"
Li3Sn_split_06_gen_56.cif,87.56244606137494,3.804873908777707,"(3, -2, -1, 7)"
Li3Sn_split_06_gen_56.cif,87.56327046139263,1.113557711922869,"(3, -1, -2, 7)"
Li3Sn_split_06_gen_56.cif,87.86588844673767,0.6784609403141072,"(2, -1, -1, -9)"
Li3Sn_split_06_gen_56.cif,87.86891092920703,0.6842000806137092,"(1, -2, 1, -9)"
Li3Sn_split_06_gen_56.cif,87.88044017458466,0.6726900693858192,"(1, 1, -2, -9)"
Li3Sn_split_06_gen_56.cif,87.88886075587286,0.6840847286012074,"(1, 1, -2, 9)"
Li3Sn_split_06_gen_56.cif,87.89433354779186,0.6726455470097337,"(1, -2, 1, 9)"
Li3Sn_split_06_gen_56.cif,87.89973163739214,0.6783018658098311,"(2, -1, -1, 9)"
Li3Sn_split_06_gen_56.cif,88.60444501128322,0.5792200118784098,"(3, -4, 1, -2)"
Li3Sn_split_06_gen_56.cif,88.60628031479249,0.5856203976752522,"(4, -3, -1, -2)"
Li3Sn_split_06_gen_56.cif,88.6124801110828,0.5215410267996138,"(1, -4, 3, -2)"
Li3Sn_split_06_gen_56.cif,88.61561124171025,0.5302416284453276,"(4, -1, -3, -2)"
Li3Sn_split_06_gen_56.cif,88.618868978654,0.531057239442282,"(3, -4, 1, 2)"
Li3Sn_split_06_gen_56.cif,88.62064519744891,0.5951476300223116,"(1, -4, 3, 2)"
Li3Sn_split_06_gen_56.cif,88.62257477732265,0.5279909470593891,"(4, -3, -1, 2)"
Li3Sn_split_06_gen_56.cif,88.62272730277061,0.5326857595687701,"(3, 1, -4, -2)"
Li3Sn_split_06_gen_56.cif,88.62330197906422,0.5209207489826576,"(1, 3, -4, 2)"
Li3Sn_split_06_gen_56.cif,88.62394929720278,0.5975578215159713,"(1, 3, -4, -2)"
Li3Sn_split_06_gen_56.cif,88.6293878247369,0.5757983855221386,"(4, -1, -3, 2)"
Li3Sn_split_06_gen_56.cif,88.6308566292966,0.5718120791030755,"(3, 1, -4, 2)"
Li3Sn_split_06_gen_56.cif,88.93389948778825,0.823635746927375,"(3, -3, 0, -6)"
Li3Sn_split_06_gen_56.cif,88.94864381330827,0.8382635560665176,"(3, 0, -3, -6)"
Li3Sn_split_06_gen_56.cif,88.953498372437,0.813600022039033,"(0, 3, -3, 6)"
Li3Sn_split_06_gen_56.cif,88.9648271758671,0.8430670785267745,"(0, 3, -3, -6)"
Li3Sn_split_06_gen_56.cif,88.97338962799718,0.8329968153093666,"(3, -3, 0, 6)"
Li3Sn_split_06_gen_56.cif,88.97680504857496,0.8181578444404993,"(3, 0, -3, 6)"
Li3Sn_split_06_gen_56.cif,89.62540428522088,0.1393224988733283,"(1, -1, 0, -10)"
Li3Sn_split_06_gen_56.cif,89.62955944823442,1.3249236399079516,"(1, 0, -1, -10)"
Li3Sn_split_06_gen_56.cif,89.63383877193861,1.3131167699079407,"(0, 1, -1, 10)"
Li3Sn_split_06_gen_56.cif,89.64013163945944,0.1390687453689638,"(0, 1, -1, -10)"
Li3Sn_split_06_gen_56.cif,89.64520232833785,0.1400656261510252,"(1, 0, -1, 10)"
Li3Sn_split_06_gen_56.cif,89.64734003509976,1.3218191690425227,"(1, -1, 0, 10)"
gen_1.cif,23.516286058688326,100.0,"(1, 0, 0)"
gen_1.cif,27.219311239681762,52.57048659037842,"(1, 1, 0)"
gen_1.cif,38.87432012511467,57.6384836674598,"(1, 0, -1)"
gen_1.cif,45.935220992693246,52.58531414761076,"(2, 1, 0)"
gen_1.cif,48.1035236872561,15.3674252322179,"(2, 0, 0)"
gen_1.cif,56.14803605004434,10.149490899230827,"(2, 2, 0)"
gen_1.cif,61.70601707898978,22.436313947677515,"(2, 0, -1)"
gen_1.cif,63.49273372255157,20.68332695959292,"(2, 1, -1)"
gen_1.cif,70.39258021988127,21.15342913479819,"(3, 1, 0)"
gen_1.cif,75.37330156711442,17.396613029771416,"(3, 2, 0)"
gen_1.cif,83.4483930241787,6.896614078605721,"(2, 0, -2)"
gen_1.cif,88.22097897111884,18.734726362586837,"(3, 1, -1)"
gen_1.cif,89.80746585752252,11.382998584762833,"(3, 0, -1)"
